--
-- PostgreSQL database dump
--

-- Dumped from database version 16.8 (Debian 16.8-1.pgdg120+1)
-- Dumped by pg_dump version 17.5

SET statement_timeout = 0;
SET lock_timeout = 0;
SET idle_in_transaction_session_timeout = 0;
SET transaction_timeout = 0;
SET client_encoding = 'UTF8';
SET standard_conforming_strings = on;
SELECT pg_catalog.set_config('search_path', '', false);
SET check_function_bodies = false;
SET xmloption = content;
SET client_min_messages = warning;
SET row_security = off;

SET default_tablespace = '';

SET default_table_access_method = heap;

--
-- Name: auth_group; Type: TABLE; Schema: public; Owner: postgres
--

CREATE TABLE public.auth_group (
    id integer NOT NULL,
    name character varying(150) NOT NULL
);


ALTER TABLE public.auth_group OWNER TO postgres;

--
-- Name: auth_group_id_seq; Type: SEQUENCE; Schema: public; Owner: postgres
--

ALTER TABLE public.auth_group ALTER COLUMN id ADD GENERATED BY DEFAULT AS IDENTITY (
    SEQUENCE NAME public.auth_group_id_seq
    START WITH 1
    INCREMENT BY 1
    NO MINVALUE
    NO MAXVALUE
    CACHE 1
);


--
-- Name: auth_group_permissions; Type: TABLE; Schema: public; Owner: postgres
--

CREATE TABLE public.auth_group_permissions (
    id bigint NOT NULL,
    group_id integer NOT NULL,
    permission_id integer NOT NULL
);


ALTER TABLE public.auth_group_permissions OWNER TO postgres;

--
-- Name: auth_group_permissions_id_seq; Type: SEQUENCE; Schema: public; Owner: postgres
--

ALTER TABLE public.auth_group_permissions ALTER COLUMN id ADD GENERATED BY DEFAULT AS IDENTITY (
    SEQUENCE NAME public.auth_group_permissions_id_seq
    START WITH 1
    INCREMENT BY 1
    NO MINVALUE
    NO MAXVALUE
    CACHE 1
);


--
-- Name: auth_permission; Type: TABLE; Schema: public; Owner: postgres
--

CREATE TABLE public.auth_permission (
    id integer NOT NULL,
    name character varying(255) NOT NULL,
    content_type_id integer NOT NULL,
    codename character varying(100) NOT NULL
);


ALTER TABLE public.auth_permission OWNER TO postgres;

--
-- Name: auth_permission_id_seq; Type: SEQUENCE; Schema: public; Owner: postgres
--

ALTER TABLE public.auth_permission ALTER COLUMN id ADD GENERATED BY DEFAULT AS IDENTITY (
    SEQUENCE NAME public.auth_permission_id_seq
    START WITH 1
    INCREMENT BY 1
    NO MINVALUE
    NO MAXVALUE
    CACHE 1
);


--
-- Name: auth_user_groups; Type: TABLE; Schema: public; Owner: postgres
--

CREATE TABLE public.auth_user_groups (
    id bigint NOT NULL,
    user_id integer NOT NULL,
    group_id integer NOT NULL
);


ALTER TABLE public.auth_user_groups OWNER TO postgres;

--
-- Name: auth_user_groups_id_seq; Type: SEQUENCE; Schema: public; Owner: postgres
--

ALTER TABLE public.auth_user_groups ALTER COLUMN id ADD GENERATED BY DEFAULT AS IDENTITY (
    SEQUENCE NAME public.auth_user_groups_id_seq
    START WITH 1
    INCREMENT BY 1
    NO MINVALUE
    NO MAXVALUE
    CACHE 1
);


--
-- Name: auth_user_user_permissions; Type: TABLE; Schema: public; Owner: postgres
--

CREATE TABLE public.auth_user_user_permissions (
    id bigint NOT NULL,
    user_id integer NOT NULL,
    permission_id integer NOT NULL
);


ALTER TABLE public.auth_user_user_permissions OWNER TO postgres;

--
-- Name: auth_user_user_permissions_id_seq; Type: SEQUENCE; Schema: public; Owner: postgres
--

ALTER TABLE public.auth_user_user_permissions ALTER COLUMN id ADD GENERATED BY DEFAULT AS IDENTITY (
    SEQUENCE NAME public.auth_user_user_permissions_id_seq
    START WITH 1
    INCREMENT BY 1
    NO MINVALUE
    NO MAXVALUE
    CACHE 1
);


--
-- Name: bookings_booking; Type: TABLE; Schema: public; Owner: postgres
--

CREATE TABLE public.bookings_booking (
    id bigint NOT NULL,
    start_date date NOT NULL,
    end_date date NOT NULL,
    total_price integer NOT NULL,
    created_at timestamp with time zone NOT NULL,
    item_id bigint NOT NULL,
    user_id bigint NOT NULL,
    status character varying(20),
    current_location_lat double precision,
    current_location_lng double precision,
    delivery_end_time timestamp with time zone,
    delivery_location_lat double precision,
    delivery_location_lng double precision,
    delivery_start_time timestamp with time zone,
    delivery_status character varying(30),
    pickup_location_lat double precision,
    pickup_location_lng double precision,
    rider_id bigint,
    return_status character varying(20)
);


ALTER TABLE public.bookings_booking OWNER TO postgres;

--
-- Name: bookings_booking_id_seq; Type: SEQUENCE; Schema: public; Owner: postgres
--

ALTER TABLE public.bookings_booking ALTER COLUMN id ADD GENERATED BY DEFAULT AS IDENTITY (
    SEQUENCE NAME public.bookings_booking_id_seq
    START WITH 1
    INCREMENT BY 1
    NO MINVALUE
    NO MAXVALUE
    CACHE 1
);


--
-- Name: condition_reports_itemconditionreport; Type: TABLE; Schema: public; Owner: postgres
--

CREATE TABLE public.condition_reports_itemconditionreport (
    id bigint NOT NULL,
    report_type character varying(10) NOT NULL,
    overall_condition character varying(100) NOT NULL,
    notes text NOT NULL,
    report_date timestamp with time zone NOT NULL,
    created_at timestamp with time zone NOT NULL,
    updated_at timestamp with time zone NOT NULL,
    checkout_image character varying(100),
    return_image character varying(100),
    checkout_damage_location character varying(100) NOT NULL,
    checkout_damage_description text NOT NULL,
    return_damage_location character varying(100) NOT NULL,
    return_damage_description text NOT NULL,
    booking_id bigint NOT NULL,
    reported_by_id bigint NOT NULL
);


ALTER TABLE public.condition_reports_itemconditionreport OWNER TO postgres;

--
-- Name: condition_reports_itemconditionreport_id_seq; Type: SEQUENCE; Schema: public; Owner: postgres
--

ALTER TABLE public.condition_reports_itemconditionreport ALTER COLUMN id ADD GENERATED BY DEFAULT AS IDENTITY (
    SEQUENCE NAME public.condition_reports_itemconditionreport_id_seq
    START WITH 1
    INCREMENT BY 1
    NO MINVALUE
    NO MAXVALUE
    CACHE 1
);


--
-- Name: disputes_dispute; Type: TABLE; Schema: public; Owner: postgres
--

CREATE TABLE public.disputes_dispute (
    id bigint NOT NULL,
    description text NOT NULL,
    evidence character varying(100),
    checkout_report text NOT NULL,
    return_report text NOT NULL,
    status character varying(20) NOT NULL,
    outcome character varying(20) NOT NULL,
    at_fault character varying(20) NOT NULL,
    ai_analysis text NOT NULL,
    admin_notes text NOT NULL,
    created_at timestamp with time zone NOT NULL,
    updated_at timestamp with time zone NOT NULL,
    filed_by_id bigint NOT NULL,
    rental_id bigint NOT NULL
);


ALTER TABLE public.disputes_dispute OWNER TO postgres;

--
-- Name: disputes_dispute_id_seq; Type: SEQUENCE; Schema: public; Owner: postgres
--

ALTER TABLE public.disputes_dispute ALTER COLUMN id ADD GENERATED BY DEFAULT AS IDENTITY (
    SEQUENCE NAME public.disputes_dispute_id_seq
    START WITH 1
    INCREMENT BY 1
    NO MINVALUE
    NO MAXVALUE
    CACHE 1
);


--
-- Name: django_admin_log; Type: TABLE; Schema: public; Owner: postgres
--

CREATE TABLE public.django_admin_log (
    id integer NOT NULL,
    action_time timestamp with time zone NOT NULL,
    object_id text,
    object_repr character varying(200) NOT NULL,
    action_flag smallint NOT NULL,
    change_message text NOT NULL,
    content_type_id integer,
    user_id integer NOT NULL,
    CONSTRAINT django_admin_log_action_flag_check CHECK ((action_flag >= 0))
);


ALTER TABLE public.django_admin_log OWNER TO postgres;

--
-- Name: django_admin_log_id_seq; Type: SEQUENCE; Schema: public; Owner: postgres
--

ALTER TABLE public.django_admin_log ALTER COLUMN id ADD GENERATED BY DEFAULT AS IDENTITY (
    SEQUENCE NAME public.django_admin_log_id_seq
    START WITH 1
    INCREMENT BY 1
    NO MINVALUE
    NO MAXVALUE
    CACHE 1
);


--
-- Name: django_content_type; Type: TABLE; Schema: public; Owner: postgres
--

CREATE TABLE public.django_content_type (
    id integer NOT NULL,
    app_label character varying(100) NOT NULL,
    model character varying(100) NOT NULL
);


ALTER TABLE public.django_content_type OWNER TO postgres;

--
-- Name: django_content_type_id_seq; Type: SEQUENCE; Schema: public; Owner: postgres
--

ALTER TABLE public.django_content_type ALTER COLUMN id ADD GENERATED BY DEFAULT AS IDENTITY (
    SEQUENCE NAME public.django_content_type_id_seq
    START WITH 1
    INCREMENT BY 1
    NO MINVALUE
    NO MAXVALUE
    CACHE 1
);


--
-- Name: django_migrations; Type: TABLE; Schema: public; Owner: postgres
--

CREATE TABLE public.django_migrations (
    id bigint NOT NULL,
    app character varying(255) NOT NULL,
    name character varying(255) NOT NULL,
    applied timestamp with time zone NOT NULL
);


ALTER TABLE public.django_migrations OWNER TO postgres;

--
-- Name: django_migrations_id_seq; Type: SEQUENCE; Schema: public; Owner: postgres
--

ALTER TABLE public.django_migrations ALTER COLUMN id ADD GENERATED BY DEFAULT AS IDENTITY (
    SEQUENCE NAME public.django_migrations_id_seq
    START WITH 1
    INCREMENT BY 1
    NO MINVALUE
    NO MAXVALUE
    CACHE 1
);


--
-- Name: django_session; Type: TABLE; Schema: public; Owner: postgres
--

CREATE TABLE public.django_session (
    session_key character varying(40) NOT NULL,
    session_data text NOT NULL,
    expire_date timestamp with time zone NOT NULL
);


ALTER TABLE public.django_session OWNER TO postgres;

--
-- Name: items_item; Type: TABLE; Schema: public; Owner: postgres
--

CREATE TABLE public.items_item (
    id bigint NOT NULL,
    title character varying(255) NOT NULL,
    price integer NOT NULL,
    location character varying(255) NOT NULL,
    category character varying(255) NOT NULL,
    sub_category character varying(255) NOT NULL,
    image character varying(100) NOT NULL,
    description text NOT NULL,
    created_at timestamp with time zone NOT NULL,
    temporary_field1 boolean NOT NULL,
    rentee_id bigint,
    address character varying(255) NOT NULL
);


ALTER TABLE public.items_item OWNER TO postgres;

--
-- Name: items_item_id_seq; Type: SEQUENCE; Schema: public; Owner: postgres
--

ALTER TABLE public.items_item ALTER COLUMN id ADD GENERATED BY DEFAULT AS IDENTITY (
    SEQUENCE NAME public.items_item_id_seq
    START WITH 1
    INCREMENT BY 1
    NO MINVALUE
    NO MAXVALUE
    CACHE 1
);


--
-- Name: items_saveditem; Type: TABLE; Schema: public; Owner: postgres
--

CREATE TABLE public.items_saveditem (
    id bigint NOT NULL,
    saved_at timestamp with time zone NOT NULL,
    item_id bigint NOT NULL,
    user_id bigint NOT NULL
);


ALTER TABLE public.items_saveditem OWNER TO postgres;

--
-- Name: items_saveditem_id_seq; Type: SEQUENCE; Schema: public; Owner: postgres
--

ALTER TABLE public.items_saveditem ALTER COLUMN id ADD GENERATED BY DEFAULT AS IDENTITY (
    SEQUENCE NAME public.items_saveditem_id_seq
    START WITH 1
    INCREMENT BY 1
    NO MINVALUE
    NO MAXVALUE
    CACHE 1
);


--
-- Name: items_searchhistory; Type: TABLE; Schema: public; Owner: postgres
--

CREATE TABLE public.items_searchhistory (
    id bigint NOT NULL,
    item_id bigint,
    "timestamp" timestamp with time zone NOT NULL,
    user_id bigint NOT NULL,
    search_query character varying(255)
);


ALTER TABLE public.items_searchhistory OWNER TO postgres;

--
-- Name: items_searchhistory_id_seq; Type: SEQUENCE; Schema: public; Owner: postgres
--

ALTER TABLE public.items_searchhistory ALTER COLUMN id ADD GENERATED BY DEFAULT AS IDENTITY (
    SEQUENCE NAME public.items_searchhistory_id_seq
    START WITH 1
    INCREMENT BY 1
    NO MINVALUE
    NO MAXVALUE
    CACHE 1
);


--
-- Name: notifications_notification; Type: TABLE; Schema: public; Owner: postgres
--

CREATE TABLE public.notifications_notification (
    id bigint NOT NULL,
    notification_type character varying(20) NOT NULL,
    message text NOT NULL,
    reference_id integer,
    reference_type character varying(50),
    is_read boolean NOT NULL,
    created_at timestamp with time zone NOT NULL,
    updated_at timestamp with time zone NOT NULL,
    recipient_id bigint NOT NULL,
    sender_id bigint,
    CONSTRAINT notifications_notification_reference_id_check CHECK ((reference_id >= 0))
);


ALTER TABLE public.notifications_notification OWNER TO postgres;

--
-- Name: notifications_notification_id_seq; Type: SEQUENCE; Schema: public; Owner: postgres
--

ALTER TABLE public.notifications_notification ALTER COLUMN id ADD GENERATED BY DEFAULT AS IDENTITY (
    SEQUENCE NAME public.notifications_notification_id_seq
    START WITH 1
    INCREMENT BY 1
    NO MINVALUE
    NO MAXVALUE
    CACHE 1
);


--
-- Name: payments_payment; Type: TABLE; Schema: public; Owner: postgres
--

CREATE TABLE public.payments_payment (
    id bigint NOT NULL,
    amount numeric(10,2) NOT NULL,
    currency character varying(3) NOT NULL,
    status character varying(20) NOT NULL,
    payment_method character varying(50) NOT NULL,
    stripe_payment_id character varying(100),
    created_at timestamp with time zone NOT NULL,
    updated_at timestamp with time zone NOT NULL,
    address text,
    phone_number character varying(20),
    booking_id bigint,
    user_id bigint NOT NULL
);


ALTER TABLE public.payments_payment OWNER TO postgres;

--
-- Name: payments_payment_id_seq; Type: SEQUENCE; Schema: public; Owner: postgres
--

ALTER TABLE public.payments_payment ALTER COLUMN id ADD GENERATED BY DEFAULT AS IDENTITY (
    SEQUENCE NAME public.payments_payment_id_seq
    START WITH 1
    INCREMENT BY 1
    NO MINVALUE
    NO MAXVALUE
    CACHE 1
);


--
-- Name: recommendations_recommendation; Type: TABLE; Schema: public; Owner: postgres
--

CREATE TABLE public.recommendations_recommendation (
    id bigint NOT NULL,
    recommended_items jsonb NOT NULL,
    algorithm_used character varying(50) NOT NULL,
    created_at timestamp with time zone NOT NULL,
    user_id bigint NOT NULL
);


ALTER TABLE public.recommendations_recommendation OWNER TO postgres;

--
-- Name: recommendations_recommendation_id_seq; Type: SEQUENCE; Schema: public; Owner: postgres
--

ALTER TABLE public.recommendations_recommendation ALTER COLUMN id ADD GENERATED BY DEFAULT AS IDENTITY (
    SEQUENCE NAME public.recommendations_recommendation_id_seq
    START WITH 1
    INCREMENT BY 1
    NO MINVALUE
    NO MAXVALUE
    CACHE 1
);


--
-- Name: reviews_review; Type: TABLE; Schema: public; Owner: postgres
--

CREATE TABLE public.reviews_review (
    id bigint NOT NULL,
    rating integer NOT NULL,
    review text,
    created_at timestamp with time zone NOT NULL,
    item_id bigint NOT NULL,
    user_id bigint NOT NULL,
    overall_score double precision
);


ALTER TABLE public.reviews_review OWNER TO postgres;

--
-- Name: reviews_review_id_seq; Type: SEQUENCE; Schema: public; Owner: postgres
--

ALTER TABLE public.reviews_review ALTER COLUMN id ADD GENERATED BY DEFAULT AS IDENTITY (
    SEQUENCE NAME public.reviews_review_id_seq
    START WITH 1
    INCREMENT BY 1
    NO MINVALUE
    NO MAXVALUE
    CACHE 1
);


--
-- Name: users_user; Type: TABLE; Schema: public; Owner: postgres
--

CREATE TABLE public.users_user (
    id bigint NOT NULL,
    username character varying(150) NOT NULL,
    email character varying(254) NOT NULL,
    password character varying(128) NOT NULL,
    date_joined timestamp with time zone NOT NULL,
    first_name character varying(150) NOT NULL,
    is_active boolean NOT NULL,
    is_staff boolean NOT NULL,
    is_superuser boolean NOT NULL,
    last_login timestamp with time zone,
    last_name character varying(150) NOT NULL,
    interests jsonb NOT NULL,
    "userType" text
);


ALTER TABLE public.users_user OWNER TO postgres;

--
-- Name: users_user_groups; Type: TABLE; Schema: public; Owner: postgres
--

CREATE TABLE public.users_user_groups (
    id bigint NOT NULL,
    user_id bigint NOT NULL,
    group_id integer NOT NULL
);


ALTER TABLE public.users_user_groups OWNER TO postgres;

--
-- Name: users_user_groups_id_seq; Type: SEQUENCE; Schema: public; Owner: postgres
--

ALTER TABLE public.users_user_groups ALTER COLUMN id ADD GENERATED BY DEFAULT AS IDENTITY (
    SEQUENCE NAME public.users_user_groups_id_seq
    START WITH 1
    INCREMENT BY 1
    NO MINVALUE
    NO MAXVALUE
    CACHE 1
);


--
-- Name: users_user_id_seq; Type: SEQUENCE; Schema: public; Owner: postgres
--

ALTER TABLE public.users_user ALTER COLUMN id ADD GENERATED BY DEFAULT AS IDENTITY (
    SEQUENCE NAME public.users_user_id_seq
    START WITH 1
    INCREMENT BY 1
    NO MINVALUE
    NO MAXVALUE
    CACHE 1
);


--
-- Name: users_user_user_permissions; Type: TABLE; Schema: public; Owner: postgres
--

CREATE TABLE public.users_user_user_permissions (
    id bigint NOT NULL,
    user_id bigint NOT NULL,
    permission_id integer NOT NULL
);


ALTER TABLE public.users_user_user_permissions OWNER TO postgres;

--
-- Name: users_user_user_permissions_id_seq; Type: SEQUENCE; Schema: public; Owner: postgres
--

ALTER TABLE public.users_user_user_permissions ALTER COLUMN id ADD GENERATED BY DEFAULT AS IDENTITY (
    SEQUENCE NAME public.users_user_user_permissions_id_seq
    START WITH 1
    INCREMENT BY 1
    NO MINVALUE
    NO MAXVALUE
    CACHE 1
);


--
-- Data for Name: auth_group; Type: TABLE DATA; Schema: public; Owner: postgres
--

COPY public.auth_group (id, name) FROM stdin;
\.


--
-- Data for Name: auth_group_permissions; Type: TABLE DATA; Schema: public; Owner: postgres
--

COPY public.auth_group_permissions (id, group_id, permission_id) FROM stdin;
\.


--
-- Data for Name: auth_permission; Type: TABLE DATA; Schema: public; Owner: postgres
--

COPY public.auth_permission (id, name, content_type_id, codename) FROM stdin;
1	Can add log entry	1	add_logentry
2	Can change log entry	1	change_logentry
3	Can delete log entry	1	delete_logentry
4	Can view log entry	1	view_logentry
5	Can add permission	2	add_permission
6	Can change permission	2	change_permission
7	Can delete permission	2	delete_permission
8	Can view permission	2	view_permission
9	Can add group	3	add_group
10	Can change group	3	change_group
11	Can delete group	3	delete_group
12	Can view group	3	view_group
13	Can add content type	5	add_contenttype
14	Can change content type	5	change_contenttype
15	Can delete content type	5	delete_contenttype
16	Can view content type	5	view_contenttype
17	Can add session	6	add_session
18	Can change session	6	change_session
19	Can delete session	6	delete_session
20	Can view session	6	view_session
21	Can add item	8	add_item
22	Can change item	8	change_item
23	Can delete item	8	delete_item
24	Can view item	8	view_item
25	Can add booking	9	add_booking
26	Can change booking	9	change_booking
27	Can delete booking	9	delete_booking
28	Can view booking	9	view_booking
29	Can add user	7	add_user
30	Can change user	7	change_user
31	Can delete user	7	delete_user
32	Can view user	7	view_user
33	Can add review	10	add_review
34	Can change review	10	change_review
35	Can delete review	10	delete_review
36	Can view review	10	view_review
37	Can add recommendation	11	add_recommendation
38	Can change recommendation	11	change_recommendation
39	Can delete recommendation	11	delete_recommendation
40	Can view recommendation	11	view_recommendation
41	Can add search history	12	add_searchhistory
42	Can change search history	12	change_searchhistory
43	Can delete search history	12	delete_searchhistory
44	Can view search history	12	view_searchhistory
45	Can add Payment	13	add_payment
46	Can change Payment	13	change_payment
47	Can delete Payment	13	delete_payment
48	Can view Payment	13	view_payment
49	Can add saved item	14	add_saveditem
50	Can change saved item	14	change_saveditem
51	Can delete saved item	14	delete_saveditem
52	Can view saved item	14	view_saveditem
53	Can add notification	15	add_notification
54	Can change notification	15	change_notification
55	Can delete notification	15	delete_notification
56	Can view notification	15	view_notification
57	Can add item condition report	16	add_itemconditionreport
58	Can change item condition report	16	change_itemconditionreport
59	Can delete item condition report	16	delete_itemconditionreport
60	Can view item condition report	16	view_itemconditionreport
61	Can add dispute	17	add_dispute
62	Can change dispute	17	change_dispute
63	Can delete dispute	17	delete_dispute
64	Can view dispute	17	view_dispute
\.


--
-- Data for Name: auth_user_groups; Type: TABLE DATA; Schema: public; Owner: postgres
--

COPY public.auth_user_groups (id, user_id, group_id) FROM stdin;
\.


--
-- Data for Name: auth_user_user_permissions; Type: TABLE DATA; Schema: public; Owner: postgres
--

COPY public.auth_user_user_permissions (id, user_id, permission_id) FROM stdin;
\.


--
-- Data for Name: bookings_booking; Type: TABLE DATA; Schema: public; Owner: postgres
--

COPY public.bookings_booking (id, start_date, end_date, total_price, created_at, item_id, user_id, status, current_location_lat, current_location_lng, delivery_end_time, delivery_location_lat, delivery_location_lng, delivery_start_time, delivery_status, pickup_location_lat, pickup_location_lng, rider_id, return_status) FROM stdin;
59	2025-07-01	2025-07-04	800	2025-05-13 17:36:48.829122+00	96	78	approved	\N	\N	\N	\N	\N	\N	pending	\N	\N	\N	not_started
21	2025-04-23	2025-04-24	200	2025-04-13 21:14:51.842105+00	98	2	\N	\N	\N	\N	\N	\N	\N	not_started	\N	\N	\N	not_started
22	2025-04-25	2025-04-26	200	2025-04-13 21:17:16.83376+00	98	2	\N	\N	\N	\N	\N	\N	\N	not_started	\N	\N	\N	not_started
23	2025-04-16	2025-04-17	246	2025-04-13 21:20:12.372821+00	95	2	\N	\N	\N	\N	\N	\N	\N	not_started	\N	\N	\N	not_started
24	2025-04-27	2025-04-28	246	2025-04-13 21:21:38.148611+00	95	2	\N	\N	\N	\N	\N	\N	\N	not_started	\N	\N	\N	not_started
26	2025-04-22	2025-04-23	2000	2025-04-17 20:53:40.979601+00	101	2	approved	\N	\N	\N	\N	\N	\N	not_started	\N	\N	\N	not_started
16	2025-04-15	2025-04-16	200	2025-04-05 20:24:27.346697+00	98	2	approved	\N	\N	\N	\N	\N	\N	not_started	\N	\N	\N	not_started
7	2025-02-26	2025-02-27	200	2025-02-22 19:40:35.071509+00	98	2	approved	\N	\N	\N	\N	\N	\N	not_started	\N	\N	\N	not_started
25	2025-04-15	2025-04-16	2000	2025-04-14 17:41:28.447442+00	101	2	approved	\N	\N	\N	\N	\N	\N	not_started	\N	\N	\N	not_started
3	2025-02-20	2025-02-26	700	2025-02-18 20:48:22.165129+00	98	2	approved	\N	\N	\N	\N	\N	\N	not_started	\N	\N	\N	not_started
12	2025-03-16	2025-03-19	400	2025-02-24 20:35:10.463914+00	98	2	rejected	\N	\N	\N	\N	\N	\N	not_started	\N	\N	\N	not_started
8	2025-03-10	2025-03-12	300	2025-02-22 19:42:22.038932+00	98	2	approved	\N	\N	\N	\N	\N	\N	not_started	\N	\N	\N	not_started
4	2025-02-27	2025-02-28	200	2025-02-18 20:53:35.328901+00	98	2	approved	\N	\N	\N	\N	\N	\N	not_started	\N	\N	\N	not_started
15	2025-03-05	2025-03-08	800	2025-02-28 21:19:20.659659+00	96	78	approved	\N	\N	\N	\N	\N	\N	not_started	\N	\N	\N	not_started
13	2025-02-25	2025-02-27	450	2025-02-24 20:43:03.986661+00	100	2	approved	\N	\N	\N	\N	\N	\N	not_started	\N	\N	\N	not_started
5	2025-02-27	2025-02-28	4000	2025-02-19 21:14:25.340597+00	99	19	rejected	\N	\N	\N	\N	\N	\N	not_started	\N	\N	\N	not_started
63	2025-05-27	2025-05-29	3000	2025-05-13 18:16:32.737754+00	101	78	approved	\N	\N	\N	\N	\N	\N	in_delivery	\N	\N	\N	in_return
17	2025-04-23	2025-04-24	400	2025-04-13 15:13:04.108636+00	96	2	approved	\N	\N	\N	\N	\N	\N	not_started	\N	\N	\N	not_started
9	2025-03-18	2025-03-20	600	2025-02-23 08:56:18.876932+00	96	2	rejected	\N	\N	\N	\N	\N	\N	not_started	\N	\N	\N	not_started
6	2025-03-01	2025-03-03	6000	2025-02-20 18:03:11.041202+00	99	19	approved	\N	\N	\N	\N	\N	\N	not_started	\N	\N	\N	not_started
27	2025-04-28	2025-04-30	3000	2025-04-21 18:35:45.671877+00	101	2	approved	\N	\N	\N	\N	\N	\N	not_started	\N	\N	\N	not_started
29	2025-04-24	2025-04-25	400	2025-04-23 18:02:47.419508+00	96	2	approved	\N	\N	\N	\N	\N	\N	not_started	\N	\N	\N	not_started
34	2025-05-01	2025-05-03	300	2025-04-27 17:07:31.591595+00	98	82	approved	\N	\N	\N	\N	\N	\N	not_started	\N	\N	\N	not_started
49	2025-05-29	2025-05-30	2000	2025-05-12 16:08:30.67356+00	101	2	approved	\N	\N	\N	\N	\N	\N	\N	\N	\N	\N	not_started
61	2025-06-26	2025-06-28	600	2025-05-13 17:53:41.618126+00	96	78	approved	\N	\N	\N	\N	\N	\N	pending	\N	\N	\N	not_started
47	2025-06-03	2025-06-07	5000	2025-05-11 23:53:52.648748+00	103	91	approved	\N	\N	\N	\N	\N	\N	delivered	\N	\N	\N	in_return
72	2025-05-20	2025-05-21	2000	2025-05-14 19:05:57.359629+00	104	2	approved	\N	\N	\N	\N	\N	\N	in_delivery	\N	\N	\N	in_return
38	2025-06-03	2025-06-07	1000	2025-05-06 00:06:24.887456+00	96	78	expired	\N	\N	\N	\N	\N	\N	not_started	\N	\N	\N	not_started
10	2025-02-24	2025-02-26	369	2025-02-24 14:45:27.080355+00	95	76	expired	\N	\N	\N	\N	\N	\N	not_started	\N	\N	\N	not_started
30	2025-04-26	2025-04-30	1000	2025-04-24 20:31:52.751252+00	96	2	expired	\N	\N	\N	\N	\N	\N	not_started	\N	\N	\N	not_started
31	2025-05-01	2025-05-03	600	2025-04-27 16:39:21.239072+00	96	2	expired	\N	\N	\N	\N	\N	\N	not_started	\N	\N	\N	not_started
35	2025-05-14	2025-05-17	800	2025-04-30 21:14:53.79954+00	96	78	expired	\N	\N	\N	\N	\N	\N	not_started	\N	\N	\N	not_started
36	2025-05-28	2025-05-31	800	2025-05-01 21:55:12.157734+00	96	78	expired	\N	\N	\N	\N	\N	\N	not_started	\N	\N	\N	not_started
50	2025-05-13	2025-05-14	2000	2025-05-12 18:29:18.80002+00	101	2	approved	\N	\N	\N	\N	\N	\N	in_delivery	\N	\N	\N	not_started
37	2025-05-21	2025-05-23	3000	2025-05-05 19:57:11.748401+00	101	2	approved	\N	\N	\N	\N	\N	\N	not_started	\N	\N	\N	not_started
44	2025-05-28	2025-05-31	4000	2025-05-11 13:06:30.611206+00	103	91	approved	\N	\N	\N	\N	\N	\N	delivered	\N	\N	\N	not_started
48	2025-06-09	2025-06-14	1200	2025-05-12 00:19:56.458+00	96	91	approved	\N	\N	\N	\N	\N	\N	in_delivery	\N	\N	\N	in_return
45	2025-05-25	2025-05-27	600	2025-05-11 16:59:04.467303+00	96	91	approved	\N	\N	\N	\N	\N	\N	delivered	\N	\N	\N	not_started
52	2025-05-30	2025-05-31	200	2025-05-12 18:56:26.241307+00	98	2	approved	\N	\N	\N	\N	\N	\N	in_delivery	\N	\N	\N	not_started
53	2025-05-25	2025-05-26	200	2025-05-12 19:10:28.145031+00	98	2	approved	\N	\N	\N	\N	\N	\N	in_delivery	\N	\N	\N	not_started
14	2025-03-23	2025-03-24	400	2025-02-25 09:09:36.990953+00	96	78	approved	\N	\N	\N	\N	\N	\N	in_delivery	\N	\N	\N	in_return
62	2025-06-18	2025-06-20	3000	2025-05-13 18:02:25.979934+00	101	78	approved	\N	\N	\N	\N	\N	\N	pending	\N	\N	\N	not_started
46	2025-05-20	2025-05-21	200	2025-05-11 17:13:02.554424+00	98	91	approved	\N	\N	\N	\N	\N	\N	delivered	\N	\N	\N	not_started
40	2025-05-16	2025-05-17	580	2025-05-11 10:36:04.746285+00	102	2	approved	\N	\N	\N	\N	\N	\N	\N	\N	\N	\N	not_started
55	2025-08-03	2025-08-09	1400	2025-05-13 16:46:42.872644+00	96	91	rejected	\N	\N	\N	\N	\N	\N	pending	\N	\N	\N	not_started
54	2025-06-17	2025-06-21	1000	2025-05-13 11:18:50.585864+00	96	91	approved	\N	\N	\N	\N	\N	\N	in_delivery	\N	\N	\N	in_return
64	2025-05-26	2025-05-27	2000	2025-05-13 20:19:57.7427+00	101	2	approved	\N	\N	\N	\N	\N	\N	in_delivery	\N	\N	\N	in_return
56	2025-07-29	2025-07-31	600	2025-05-13 16:50:37.843284+00	96	2	approved	\N	\N	\N	\N	\N	\N	pending	\N	\N	\N	not_started
39	2025-05-14	2025-05-15	580	2025-05-11 10:34:47.422426+00	102	2	expired	\N	\N	\N	\N	\N	\N	\N	\N	\N	\N	not_started
42	2025-05-20	2025-05-23	800	2025-05-11 12:47:59.03482+00	96	78	expired	\N	\N	\N	\N	\N	\N	not_started	\N	\N	\N	not_started
43	2025-05-20	2025-05-24	5000	2025-05-11 13:02:26.142116+00	103	78	expired	\N	\N	\N	\N	\N	\N	not_started	\N	\N	\N	not_started
57	2025-06-29	2025-06-30	400	2025-05-13 16:58:49.730505+00	96	2	approved	\N	\N	\N	\N	\N	\N	pending	\N	\N	\N	not_started
41	2025-05-14	2025-05-15	2000	2025-05-11 10:58:09.579823+00	101	78	approved	\N	\N	\N	\N	\N	\N	in_delivery	\N	\N	\N	in_return
68	2025-05-21	2025-05-23	3000	2025-05-14 13:16:02.162725+00	104	78	approved	\N	\N	\N	\N	\N	\N	in_delivery	\N	\N	\N	in_return
58	2025-07-14	2025-07-16	600	2025-05-13 17:27:08.213413+00	96	78	approved	\N	\N	\N	\N	\N	\N	pending	\N	\N	\N	not_started
60	2025-05-30	2025-05-31	2000	2025-05-13 17:51:04.29189+00	101	2	approved	\N	\N	\N	\N	\N	\N	pending	\N	\N	\N	\N
65	2025-05-27	2025-05-28	200	2025-05-13 21:18:00.876166+00	98	2	approved	\N	\N	\N	\N	\N	\N	in_delivery	\N	\N	\N	not_started
28	2025-04-22	2025-04-23	200	2025-04-21 18:57:31.121474+00	98	2	approved	\N	\N	\N	\N	\N	\N	pending	\N	\N	\N	pending
11	2025-02-26	2025-02-28	600	2025-02-24 19:23:25.6842+00	96	78	approved	\N	\N	\N	\N	\N	\N	in_delivery	\N	\N	\N	in_return
67	2025-05-20	2025-05-21	2000	2025-05-13 21:39:11.286056+00	101	2	approved	\N	\N	\N	\N	\N	\N	in_delivery	\N	\N	\N	in_return
2	2025-02-20	2025-02-22	600	2025-02-18 19:40:28.887333+00	96	78	approved	\N	\N	\N	\N	\N	\N	in_delivery	\N	\N	\N	in_return
77	2025-05-15	2025-05-16	7000	2025-05-14 21:29:01.859818+00	107	78	approved	\N	\N	\N	\N	\N	\N	pending	\N	\N	\N	pending
32	2025-04-29	2025-04-30	300	2025-04-27 16:42:30.601775+00	100	78	approved	24.863106641388587	67.03170330973467	\N	24.845240601719205	67.00918992789632	2025-05-11 00:32:51.119252+00	delivered	24.863106641388587	67.03170330973467	90	in_return
73	2025-05-18	2025-05-19	400	2025-05-14 19:41:21.328828+00	96	2	rejected	\N	\N	\N	\N	\N	\N	pending	\N	\N	\N	not_started
71	2025-06-17	2025-06-21	5000	2025-05-14 19:04:44.236046+00	104	78	rejected	\N	\N	\N	\N	\N	\N	pending	\N	\N	\N	not_started
75	2025-05-31	2025-06-01	2000	2025-05-14 19:42:54.285938+00	104	2	approved	\N	\N	\N	\N	\N	\N	pending	\N	\N	\N	not_started
74	2025-05-24	2025-05-25	200	2025-05-14 19:42:38.497539+00	98	2	approved	\N	\N	\N	\N	\N	\N	in_delivery	\N	\N	\N	not_started
76	2025-05-30	2025-05-31	1000	2025-05-14 19:53:14.707233+00	106	2	approved	\N	\N	\N	\N	\N	\N	in_delivery	\N	\N	\N	in_return
70	2025-05-28	2025-05-29	2000	2025-05-14 18:49:55.214099+00	104	2	approved	\N	\N	\N	\N	\N	\N	in_delivery	\N	\N	\N	in_return
66	2025-05-28	2025-05-29	246	2025-05-13 21:36:20.142019+00	95	2	expired	\N	\N	\N	\N	\N	\N	pending	\N	\N	\N	not_started
69	2025-05-21	2025-05-22	1000	2025-05-14 16:44:36.312296+00	105	2	approved	\N	\N	\N	\N	\N	\N	in_delivery	\N	\N	\N	pending
79	2025-05-27	2025-05-30	2000	2025-05-15 05:57:52.866736+00	108	78	approved	\N	\N	\N	\N	\N	\N	pending	\N	\N	\N	not_started
80	2025-05-26	2025-05-27	2000	2025-05-15 06:05:30.166218+00	104	2	approved	\N	\N	\N	\N	\N	\N	pending	\N	\N	\N	not_started
78	2025-05-27	2025-05-29	1500	2025-05-15 04:52:40.299283+00	105	78	expired	\N	\N	\N	\N	\N	\N	pending	\N	\N	\N	not_started
81	2025-05-22	2025-05-23	1000	2025-05-21 17:05:47.030985+00	108	2	approved	\N	\N	\N	\N	\N	\N	in_delivery	\N	\N	\N	in_return
82	2025-05-21	2025-05-23	10500	2025-05-21 18:41:21.747413+00	107	2	approved	\N	\N	\N	\N	\N	\N	in_delivery	\N	\N	\N	not_started
83	2025-05-21	2025-05-23	1500	2025-05-21 18:54:06.793928+00	106	2	approved	\N	\N	\N	\N	\N	\N	in_delivery	\N	\N	\N	in_return
84	2025-06-25	2025-06-26	1000	2025-05-22 07:34:38.532154+00	109	2	approved	\N	\N	\N	\N	\N	\N	in_delivery	\N	\N	\N	not_started
85	2025-05-25	2025-05-27	750	2025-05-24 08:16:13.86552+00	110	76	approved	\N	\N	\N	\N	\N	\N	in_delivery	\N	\N	\N	in_return
\.


--
-- Data for Name: condition_reports_itemconditionreport; Type: TABLE DATA; Schema: public; Owner: postgres
--

COPY public.condition_reports_itemconditionreport (id, report_type, overall_condition, notes, report_date, created_at, updated_at, checkout_image, return_image, checkout_damage_location, checkout_damage_description, return_damage_location, return_damage_description, booking_id, reported_by_id) FROM stdin;
1	checkout	Slightly used damage on the corner of the product	Minor wear on the keyboard.	2025-05-04 15:24:03.476571+00	2025-05-04 15:24:03.476571+00	2025-05-04 17:15:50.729883+00			Keyboard	Slight shine on some keys.	null	null	11	2
2	checkout	Slightly used	Minor wear on the keyboard.	2025-05-04 17:13:59.313475+00	2025-05-04 17:13:59.313475+00	2025-05-04 17:18:50.349368+00			Keyboard	Slight shine on some keys.	null	null	21	76
3	return	Damaged heavily	Looks brand new.	2025-05-05 18:13:04.914994+00	2025-05-05 18:13:04.914994+00	2025-05-05 18:13:04.914994+00			abc	abc	abc	abc	21	76
5	checkout	Item Working Properly	Testing for check out report	2025-05-13 15:52:21.189359+00	2025-05-13 15:52:21.189858+00	2025-05-13 15:52:21.18987+00	condition_reports/Screenshot_20250513-203046.png						14	90
6	checkout	Item Working Properly	Testing for return report	2025-05-13 16:11:47.611288+00	2025-05-13 16:11:47.611716+00	2025-05-13 16:11:47.611726+00	condition_reports/Screenshot_20250513-203046_W8JqUmx.png						41	90
8	checkout	Minor Scratches / Wear	Sample	2025-05-13 20:24:04.729136+00	2025-05-13 20:24:04.729136+00	2025-05-13 20:24:04.729136+00	condition_reports/Screenshot_20250512_221302_YouTube.jpg						2	90
11	return	Item Working Properly	Testing for return report	2025-05-13 21:39:15.338807+00	2025-05-13 21:39:15.339209+00	2025-05-13 21:39:15.339216+00		condition_reports/IMG-20250513-WA0035_0kzrM4d.jpg					32	90
12	checkout	Item Working Properly	Great Condition	2025-05-13 21:51:50.755643+00	2025-05-13 21:51:50.756643+00	2025-05-13 21:51:50.756643+00	condition_reports/IMG_20250430_180949.jpg						67	82
9	checkout	Item Working Properly	Hhh	2025-05-13 20:32:12.901+00	2025-05-13 20:32:12.902+00	2025-05-13 20:32:12.902+00	condition_reports/IMG_20250513_000059.jpg	aaa	abc	abc	abv	baav	63	82
10	return	Item Damaged	Vvvh	2025-05-13 20:39:18.625+00	2025-05-13 20:39:18.625+00	2025-05-13 20:39:18.625+00	\N	condition_reports/Screenshot_20250513-093648.png	abc	abc	abc	abc	63	2
13	checkout	Item Working Properly	The item is in good condition	2025-05-14 13:23:26.61238+00	2025-05-14 13:23:26.612715+00	2025-05-14 13:23:26.612715+00	condition_reports/IMG-20250514-WA0017.jpg						68	90
14	return	Item Damaged	The screen is completely broken	2025-05-14 13:30:20.56695+00	2025-05-14 13:30:20.580151+00	2025-05-14 13:30:20.580151+00		condition_reports/IMG-20250514-WA0017_rY8Q4VX.jpg					68	90
15	checkout	Item Working Properly	Dfffg	2025-05-14 18:59:31.255742+00	2025-05-14 18:59:31.256737+00	2025-05-14 18:59:31.256737+00	condition_reports/IMG_20250513_125111.jpg						70	82
16	checkout	Minor Scratches / Wear	Twar	2025-05-14 19:16:18.962259+00	2025-05-14 19:16:18.962259+00	2025-05-14 19:16:18.962259+00	condition_reports/IMG_20250430_180949.jpg						72	82
17	checkout	Item Working Properly	Ygg	2025-05-14 19:53:23.186354+00	2025-05-14 19:53:23.18742+00	2025-05-14 19:53:23.18742+00	condition_reports/IMG_20250513_000059.jpg						74	82
18	checkout	Item Working Properly	The item is in perfect condition	2025-05-14 20:04:13.076494+00	2025-05-14 20:04:13.076494+00	2025-05-14 20:04:13.076494+00	condition_reports/Screenshot_20250514_225957_Docs.jpg						76	90
19	return	Item Damaged	The item is not working properly	2025-05-14 20:07:04.13986+00	2025-05-14 20:07:04.13986+00	2025-05-14 20:07:04.13986+00		condition_reports/Screenshot_20250514_225957_Docs_VmThFnK.jpg					76	90
20	checkout	Item Working Properly	Looks good in shape	2025-05-14 21:37:42.488853+00	2025-05-14 21:37:42.488853+00	2025-05-14 21:37:42.488853+00	condition_reports/Screenshot_20250514_213047_YouTube.jpg						77	90
21	return	Item Damaged	The item looks damaged	2025-05-14 21:40:53.627899+00	2025-05-14 21:40:53.627899+00	2025-05-14 21:40:53.627899+00		condition_reports/Screenshot_20250514_213047_YouTube_DhH37TO.jpg					77	90
22	checkout	Item Working Properly	Item ok, No Scratches. good condition	2025-05-21 17:36:19.889044+00	2025-05-21 17:36:19.890042+00	2025-05-21 17:36:19.890042+00	condition_reports/IMG_20250430_180956.jpg						81	82
23	return	Minor Scratches / Wear	Item not ok, Scratches and Damaged	2025-05-21 17:42:31.383561+00	2025-05-21 17:42:31.383561+00	2025-05-21 17:58:13.268028+00		condition_reports/IMG_20250430_181001_kIyLpRP.jpg					81	82
24	checkout	Item Working Properly	Item is ok, No Scratches or damage.	2025-05-21 19:03:20.186674+00	2025-05-21 19:03:20.186674+00	2025-05-21 19:03:20.186674+00	condition_reports/IMG_20250226_235600.jpg						83	82
25	return	Item Damaged	Scratches in item, Bad condition	2025-05-21 19:09:04.428451+00	2025-05-21 19:09:04.429458+00	2025-05-21 19:09:04.429458+00		condition_reports/IMG_20250330_191917.jpg					83	82
26	return	Item Damaged	Bad condition	2025-05-21 19:30:15.03329+00	2025-05-21 19:30:15.035287+00	2025-05-21 19:30:15.035287+00		condition_reports/IMG_20250417_162625.jpg					2	82
27	checkout	Item Working Properly	The item is in good condition	2025-05-24 08:29:29.153428+00	2025-05-24 08:29:29.153428+00	2025-05-24 08:29:29.153428+00	condition_reports/IMG-20250524-WA0007.jpg						85	90
28	return	Minor Scratches / Wear	The item is not looking as much clean as before	2025-05-24 08:32:30.389944+00	2025-05-24 08:32:30.389944+00	2025-05-24 08:32:30.389944+00		condition_reports/IMG-20250524-WA0007_aannll6.jpg					85	90
\.


--
-- Data for Name: disputes_dispute; Type: TABLE DATA; Schema: public; Owner: postgres
--

COPY public.disputes_dispute (id, description, evidence, checkout_report, return_report, status, outcome, at_fault, ai_analysis, admin_notes, created_at, updated_at, filed_by_id, rental_id) FROM stdin;
8	The item was returned with scratches on the screen and dents on the body.		Slightly used	Damaged heavily	resolved	valid	renter	new damage keywords detected (damage, damaged) and negative return sentiment (-0.44) and significant context shift (0.68). Dispute appears valid.		2025-05-06 23:08:23.280854+00	2025-05-06 23:08:23.655893+00	78	98
9	On return my item was damaged greatly	dispute_evidence/Screenshot_20250514-125630.png	Item Working Properly	Item Damaged	resolved	valid	renter	new damage keywords detected (damage, damaged) and negative return sentiment (-0.44). Dispute appears valid.		2025-05-14 08:19:41.941978+00	2025-05-14 08:19:42.690065+00	78	101
10	Broken screen	dispute_evidence/IMG-20250514-WA0017.jpg	Item Working Properly	Item Damaged	pending	none	none			2025-05-14 12:54:10.147677+00	2025-05-14 12:54:10.147677+00	78	101
11	The screen is broken completely	dispute_evidence/IMG-20250514-WA0018.jpg	Item Working Properly	Item Damaged	pending	none	none			2025-05-14 13:59:59.590479+00	2025-05-14 13:59:59.590479+00	78	104
12	The screen is broken completely	dispute_evidence/IMG-20250514-WA0018_eSBYcg1.jpg	Item Working Properly	Item Damaged	resolved	valid	renter	new damage keywords detected (damage, damaged) and negative return sentiment (-0.44). Dispute appears valid.		2025-05-14 14:03:30.530919+00	2025-05-14 14:03:31.237981+00	78	104
13	Completely broken screen	dispute_evidence/IMG-20250514-WA0066.jpg	Item Working Properly	Item Damaged	resolved	valid	renter	new damage keywords detected (damage, damaged) and negative return sentiment (-0.44). Dispute appears valid.		2025-05-14 20:30:25.690884+00	2025-05-14 20:30:26.339761+00	78	106
14	Broken screen	dispute_evidence/Screenshot_20250514-215027.png	Item Working Properly	Item Damaged	resolved	valid	renter	new damage keywords detected (damage, damaged) and negative return sentiment (-0.44). Dispute appears valid.		2025-05-14 20:32:15.882959+00	2025-05-14 20:32:16.190855+00	78	106
15	My item was damaged on return	dispute_evidence/IMG-20250515-WA0002.jpeg	Item Working Properly	Item Damaged	resolved	valid	renter	new damage keywords detected (damage, damaged) and negative return sentiment (-0.44). Dispute appears valid.		2025-05-14 21:41:54.797337+00	2025-05-14 21:41:55.357183+00	78	107
16	Scratches	dispute_evidence/Screenshot_20250520-214237.png	Item Working Properly	Item Damaged	resolved	valid	renter	new damage keywords detected (damage, damaged) and negative return sentiment (-0.44). Dispute appears valid.		2025-05-21 19:13:50.925193+00	2025-05-21 19:13:51.930984+00	78	106
17	Not the same as before	dispute_evidence/IMG-20250524-WA0006.jpg	Item Working Properly	Minor Scratches / Wear	resolved	valid	renter	new damage keywords detected (scratch) and significant context shift (0.78). Dispute appears valid.		2025-05-24 08:34:15.631858+00	2025-05-24 08:34:16.300998+00	78	110
\.


--
-- Data for Name: django_admin_log; Type: TABLE DATA; Schema: public; Owner: postgres
--

COPY public.django_admin_log (id, action_time, object_id, object_repr, action_flag, change_message, content_type_id, user_id) FROM stdin;
8	2024-11-14 22:32:27.504261+00	8	Laptop	1	[{"added": {}}]	8	2
10	2024-11-15 15:01:55.6767+00	10	Laptop	1	[{"added": {}}]	8	28
11	2024-11-15 15:03:42.397245+00	8	Laptop	3		8	28
\.


--
-- Data for Name: django_content_type; Type: TABLE DATA; Schema: public; Owner: postgres
--

COPY public.django_content_type (id, app_label, model) FROM stdin;
1	admin	logentry
2	auth	permission
3	auth	group
4	auth	user
5	contenttypes	contenttype
6	sessions	session
7	users	user
8	items	item
9	bookings	booking
10	reviews	review
11	recommendations	recommendation
12	items	searchhistory
13	payments	payment
14	items	saveditem
15	notifications	notification
16	condition_reports	itemconditionreport
17	disputes	dispute
\.


--
-- Data for Name: django_migrations; Type: TABLE DATA; Schema: public; Owner: postgres
--

COPY public.django_migrations (id, app, name, applied) FROM stdin;
1	contenttypes	0001_initial	2024-10-18 11:41:34.433679+00
3	admin	0001_initial	2024-10-18 11:41:45.90284+00
4	admin	0002_logentry_remove_auto_add	2024-10-18 11:41:46.773794+00
5	admin	0003_logentry_add_action_flag_choices	2024-10-18 11:41:47.882997+00
6	contenttypes	0002_remove_content_type_name	2024-10-18 11:41:49.573579+00
18	sessions	0001_initial	2024-10-18 11:42:06.352858+00
19	users	0001_initial	2024-10-18 21:43:58.713342+00
20	users	0002_alter_user_options_alter_user_managers_and_more	2024-10-27 21:02:23.759577+00
23	recommendations	0001_initial	2024-10-31 22:19:02.086152+00
24	reviews	0001_initial	2024-10-31 22:19:05.014076+00
25	items	0002_remove_item_owner_remove_item_price_per_day_and_more	2024-11-13 19:45:33.545561+00
26	users	0003_alter_user_groups_alter_user_user_permissions	2024-11-14 21:30:03.282182+00
51	auth	0001_initial	2024-11-15 14:57:35.112875+00
52	auth	0002_alter_permission_name_max_length	2024-11-15 14:57:36.254988+00
53	auth	0003_alter_user_email_max_length	2024-11-15 14:57:37.45211+00
54	auth	0004_alter_user_username_opts	2024-11-15 14:57:38.664344+00
55	auth	0005_alter_user_last_login_null	2024-11-15 14:57:39.89193+00
56	auth	0006_require_contenttypes_0002	2024-11-15 14:57:41.021627+00
57	auth	0007_alter_validators_add_error_messages	2024-11-15 14:57:42.173002+00
58	auth	0008_alter_user_username_max_length	2024-11-15 14:57:43.375988+00
59	auth	0009_alter_user_last_name_max_length	2024-11-15 14:57:44.592122+00
60	auth	0010_alter_group_name_max_length	2024-11-15 14:57:46.052594+00
61	auth	0011_update_proxy_permissions	2024-11-15 14:57:47.23167+00
62	auth	0012_alter_user_first_name_max_length	2024-11-15 14:57:48.412188+00
63	items	0001_initial	2024-11-23 22:28:14.311445+00
64	items	0002_alter_item_rentee	2024-11-28 20:56:53.1595+00
65	users	0003_user_interests_alter_user_groups_and_more	2024-11-28 20:56:54.889937+00
66	items	0003_alter_item_rentee	2024-11-29 13:45:41.028754+00
67	items	0004_rename_rentee_item_rentee_id	2024-11-29 14:47:27.008723+00
68	items	0005_rename_rentee_id_item_rentee	2024-11-29 14:54:36.931528+00
69	items	0006_searchhistory	2024-11-30 23:16:08.679896+00
70	users	0004_user_user_type	2024-12-02 12:12:47.745168+00
71	users	0005_rename_user_type_user_usertype	2024-12-02 12:23:01.02767+00
72	items	0007_alter_searchhistory_item	2024-12-03 15:54:42.53907+00
73	items	0008_alter_searchhistory_item	2024-12-03 15:54:45.618533+00
74	items	0009_alter_searchhistory_item	2024-12-03 15:54:48.095338+00
75	items	0010_alter_searchhistory_item	2024-12-03 15:54:51.448437+00
76	items	0011_alter_searchhistory_item	2024-12-03 15:56:23.720586+00
77	items	0012_searchhistory_search_query_alter_searchhistory_item	2024-12-03 17:02:32.232815+00
78	items	0013_item_address	2025-02-11 17:48:11.364678+00
79	items	0013_item_is_rented	2025-02-15 14:51:33.283896+00
81	bookings	0001_initial	2025-02-15 15:51:04.006136+00
82	bookings	0002_alter_booking_created_at	2025-02-15 15:51:04.386781+00
83	bookings	0003_remove_booking_user	2025-02-15 15:51:06.846149+00
84	bookings	0004_booking_user	2025-02-15 15:51:09.755928+00
85	items	0014_merge_0013_item_address_0013_item_is_rented	2025-02-15 22:59:09.546584+00
86	items	0015_remove_item_is_rented	2025-02-15 23:01:54.33288+00
87	reviews	0002_rename_comment_review_review_review_sentiment_and_more	2025-02-19 14:27:16.533381+00
88	reviews	0003_remove_review_sentiment_review_overall_score	2025-02-19 20:28:08.364454+00
89	bookings	0005_booking_status	2025-04-13 18:01:08.825989+00
90	bookings	0006_alter_booking_status	2025-04-13 20:28:50.727193+00
91	payments	0001_initial	2025-04-20 22:53:21.015691+00
92	items	0016_saveditem	2025-04-23 19:31:09.330215+00
93	notifications	0001_initial	2025-04-24 20:17:35.572978+00
94	users	0006_user_fault_count_user_is_banned	2025-04-27 19:05:28.008584+00
95	payments	0002_rename_delivery_address_payment_address_and_more	2025-04-29 22:32:25.314135+00
96	bookings	0007_alter_booking_status	2025-05-02 19:04:54.17141+00
97	condition_reports	0001_initial	2025-05-04 15:11:53.484732+00
98	disputes	0001_initial	2025-05-06 17:26:56.223098+00
99	users	0007_remove_user_fault_count_remove_user_is_banned	2025-05-06 17:26:57.406391+00
100	users	0008_user_fault_count_user_is_banned	2025-05-06 19:58:40.175601+00
101	users	0009_remove_user_fault_count_remove_user_is_banned	2025-05-06 20:19:19.224174+00
102	bookings	0008_booking_current_location_lat_and_more	2025-05-10 13:02:05.511369+00
103	bookings	0008_booking_delivery_status	2025-05-11 21:07:17.156326+00
104	bookings	0008_booking_delivery_status_booking_is_returned_and_more	2025-05-12 19:57:12.1305+00
105	bookings	0009_rename_is_returned_booking_is_return_and_more	2025-05-12 19:57:12.494266+00
106	bookings	0010_auto_20250513_0049	2025-05-12 19:57:12.841141+00
107	bookings	0011_remove_booking_is_return_booking_return_status	2025-05-12 20:43:02.014154+00
108	bookings	0012_remove_booking_return_status	2025-05-12 21:31:52.463514+00
109	bookings	0013_booking_return_status	2025-05-12 21:34:47.177422+00
\.


--
-- Data for Name: django_session; Type: TABLE DATA; Schema: public; Owner: postgres
--

COPY public.django_session (session_key, session_data, expire_date) FROM stdin;
9ojbvlwnx0o4ed514qvs649pai5egl15	.eJxVjMsOwiAQRf-FtSEMz-LSvd9ABhikaiAp7cr479qkC93ec859sYDbWsM2aAlzZmcG7PS7RUwPajvId2y3zlNv6zJHviv8oINfe6bn5XD_DiqO-q0V6Kk4XUQhL63UJkvwnpLHSEoBkhXFJRTJOR-NNAYQrTcgJqliBGDvD9GvNzk:1t27oK:iCoipbt394DK-40GyfKv4fp6KIOwzAZ_jjRHSzsUoWc	2024-11-02 11:39:56.417153+00
486oecp9ss4dsha18pzwfmmqzgvmlltu	.eJxVjDsOwjAQRO_iGln-e0NJnzNY68_iAHKkOKkQdyeRUkA10rw382YBt7WGrZclTJldmQJ2-S0jpmdpB8kPbPeZp7mtyxT5ofCTdj7Oubxup_t3ULHXfQ1gLZHTfvCaMoFSWGKyJtmYSRAUbQaV0p4gtUdwQEWAQicUGCkl-3wBE4o3xQ:1tBwgp:JNSNiKS9huX70kyyCwPQDzBxlF0qlaNYqEcULAKg3Ns	2024-11-29 13:48:47.275608+00
bazyb4t4he6ukmmecysms6e0vzteg1ki	.eJxVjDsOwjAQRO_iGln-e0NJnzNY68_iAHKkOKkQdyeRUkA10rw382YBt7WGrZclTJldmQJ2-S0jpmdpB8kPbPeZp7mtyxT5ofCTdj7Oubxup_t3ULHXfQ1gLZHTfvCaMoFSWGKyJtmYSRAUbQaV0p4gtUdwQEWAQicUGCkl-3wBE4o3xQ:1tBxnq:xb1xxc2R8vEnq1CauvG9fO__5O7_yCW554Baw_PGKYY	2024-11-29 15:00:06.215437+00
\.


--
-- Data for Name: items_item; Type: TABLE DATA; Schema: public; Owner: postgres
--

COPY public.items_item (id, title, price, location, category, sub_category, image, description, created_at, temporary_field1, rentee_id, address) FROM stdin;
67	test data	5000	Karachi	Electronics	Cameras	items/electronic_W2Vzz98.jpg	Testing sample data	2024-12-03 15:42:37.950211+00	t	60	
68	test data1	70000	Karachi	Electronics	laptop	items/electronic_esKrGyX.jpg	Testing sample laptop	2024-12-03 15:43:16.317755+00	t	60	
69	test data1	70000	Karachi	study material	books	items/books_wjbwcGm.jpg	Testing sample books	2024-12-03 15:44:13.380642+00	t	60	
70	Good old phone	100	Ki hu	Baby and Kids Items	Baby Gear	items/IMG-20241203-WA0001.jpg	Good phone	2024-12-03 17:42:10.727649+00	t	2	
71	Laptop	200	-+$$	Vehicles	Transport	items/IMG-20241202-WA0010.jpg	Disbs	2024-12-03 17:55:03.978698+00	t	62	
72	Table	100	Khi	Home and Kitchen Appliances	"Large Appliances	items/images.jpg	Good table	2024-12-04 17:56:20.430678+00	t	62	
73	Chair	100	Khi	Furniture	Bedroom	items/images_kh47LZa.jpg	Good	2024-12-04 17:57:13.543407+00	t	62	
74	PC	100	Khi	Electronics and Gadgets	Tech Equipment	items/images_gFG8amq.jpg	Good	2024-12-04 17:58:19.933455+00	t	62	
75	Balloons	100	Khi	Event and Party Supplies	Decor	items/images_qyXGAmf.jpg	Good	2024-12-04 17:59:04.055135+00	t	62	
76	Screwdriver	100	Khi	Tools and Equipment	Home Improvement	items/images_rpkOW5z.jpg	Good	2024-12-04 17:59:38.507872+00	t	62	
77	Mehran	100	Khi	Vehicles	Transport	items/images_047G5GT.jpg	Good	2024-12-04 18:01:09.545061+00	t	62	
78	Mehran	100	Khi	Vehicles	Transport	items/images_oX3CbQD.jpg	Good	2024-12-04 18:04:57.346632+00	t	62	
79	Fyp	10000	FAST	Office Equipment	Meeting Supplies	items/IMG-20241203-WA0012.jpg	Good FYP	2024-12-04 21:01:51.116684+00	t	64	
80	Panadol	100	Khi	Health and Wellness	Medicine	items/IMG-20241204-WA0009.jpg	Premium Tablet	2024-12-05 06:35:38.31584+00	t	66	
81	Decoration	100	Khi	Decor and Seasonal Items	Home Decor	items/IMG-20241205-WA0004.jpg	Baloon	2024-12-05 06:58:45.836235+00	t	62	
82	Pen	10	Khi	Office Equipment	Meeting Supplies	items/IMG-20241205-WA0004_v0pmuOR.jpg	Good Pen	2024-12-05 19:56:42.908614+00	t	62	
83	Charger	1000	Khi	Electronics and Gadgets	Computing Devices	items/IMG-20241207-WA0020.jpg	Bomb	2024-12-07 10:26:48.314641+00	t	67	
84	Perfume	1999	Khi	Tools and Equipment	Home Improvement	items/IMG-20241207-WA0027.jpg	Parfuuum	2024-12-07 15:02:23.204293+00	t	67	
85	Cup	100	Khi	Event and Party Supplies	Tableware	items/IMG-20241207-WA0030.jpg	Cup	2024-12-08 10:57:55.286328+00	t	62	
86	Table Racquet	1000	Lahore	Outdoor and Sports Equipment	Sports Equipment	items/IMG-20241208-WA0019.jpg	Table Tennis Racquet	2024-12-08 11:05:02.252499+00	t	69	
87	Camera	1000	200	Electronics and Gadgets	Tech Equipment	items/IMG-20241209-WA0014.jpg	Camera bag	2024-12-09 19:01:49.063079+00	t	62	
88	Audionic Earpods	100	Lahore	Electronics and Gadgets	Audio Visual	items/IMG_20241211_195932.jpg	Best Earpods	2024-12-11 15:00:36.08382+00	t	62	
89	Wallet	50	100	Educational Resources	Learning Tools	items/IMG_20241211_200936.jpg	Wallet good 	2024-12-11 15:10:46.385928+00	t	19	
90	Box	100	Location	Health and Wellness	Wellness Devices	items/IMG-20241211-WA0027.jpg	Nox	2024-12-11 15:19:17.967046+00	t	72	
91	Power Bank	1000	Khi	Electronics and Gadgets	Tech Equipment	items/IMG_20241211_210223.jpg	Poooweeeerrr	2024-12-11 16:03:18.700146+00	t	2	
92	demo product	1000	Karachi	Furniture	Living Room	items/Screenshot_20241211-222026.png	Testing for fyp	2024-12-11 19:29:34.619585+00	t	74	
93	Bag	1000	Khi	Electronics and Gadgets	Tech Equipment	items/IMG-20241212-WA0007.jpg	Bag	2024-12-12 05:45:59.68664+00	t	2	
94	Sample	123	My location	Outdoor and Sports Equipment	Camping Gear	items/IMG_20241126_201816_Bb94YpX.jpg	Abc123	2025-02-11 14:26:35.215244+00	t	76	
95	Test	123	24.8874878,67.0599908	Outdoor and Sports Equipment	Sports Equipment	items/IMG_20241126_201816_Xq1U3dM.jpg	This is first booking	2025-02-11 17:48:52.91742+00	t	76	
96	Hbl	200	24.944932,67.181671	Tools and Equipment	Home Improvement	items/IMG_20250213_173649.jpg	Building	2025-02-13 17:58:43.610606+00	t	2	
98	Talha test	100	24.87904,67.0589561	Electronics and Gadgets	Audio Visual	items/IMG-20250215-WA0000.jpg	Talha Is testing	2025-02-15 23:06:57.693291+00	t	78	
99	Car	2000	24.943694,67.183938	Vehicles	Transport	items/IMG-20250214-WA0001.jpg	White Corolla GLi	2025-02-16 12:17:41.794096+00	t	2	
100	Headphones	150	24.9436822,67.1839359	Electronics and Gadgets	Audio Visual	items/IMG-20250225-WA0004.jpg	Amazing Headphones, With Great Sound Quality and Result, Which will Enhance your experience into an elevated level.	2025-02-24 20:37:57.549095+00	t	2	
101	fyp2 demo	1000	24.8791618,67.0589117	Outdoor and Sports Equipment	Sports Equipment	items/IMG-20250228-WA0002.jpg	Testing for fyp2	2025-02-28 21:17:20.131146+00	t	78	
102	Final Evam	290	24.943767,67.1839628	Tools and Equipment	Workshop Gear	items/Screenshot_20250511-122740.png	Final	2025-05-11 10:05:47.839498+00	t	2	
103	Testing for final fyp2 evaluation	1000	24.8791449,67.0588546	Electronics and Gadgets	Tech Equipment	items/IMG-20250511-WA0014.jpg	fyp2 final evaluation test	2025-05-11 13:00:02.939743+00	t	2	
104	Fyp2 dispute test	1000	24.8791747,67.0588679	Home and Kitchen Appliances	Small Appliances	items/IMG-20250514-WA0017.jpg	Test for dispute	2025-05-14 13:12:04.196403+00	t	78	
105	Testing for my items	500	24.8791477,67.0588628	Outdoor and Sports Equipment	Sports Equipment	items/IMG-20250514-WA0012.jpg	Api test	2025-05-14 13:44:56.394934+00	t	91	
106	Testing for dispute	500	24.8791449,67.0588655	Electronics and Gadgets	Computing Devices	items/IMG-20250514-WA0052.jpg	Testing for dispute fyp2	2025-05-14 19:49:25.066582+00	t	78	
107	Ismails test product	3500	24.8872575,67.0600511	Electronics and Gadgets	Computing Devices	items/IMG-20250515-WA0002.jpeg	Laptop for sell	2025-05-14 21:21:43.687495+00	t	78	
108	Final day test	500	24.8569678,67.2655245	Baby and Kids Items	Baby Gear	items/Screenshot_20250515-013307.png	Testing for final day	2025-05-15 05:56:27.168735+00	t	78	
109	Novel for demo	500	24.8567041,67.2634952	Educational Resources	Books	items/IMG-20250521-WA0007.jpg	This is a book for demonstration	2025-05-22 07:29:55.002873+00	t	78	
110	Latest test flow	250	24.8871793,67.0600124	Electronics and Gadgets	Computing Devices	items/IMG-20250524-WA0006.jpg	Laptop for sale	2025-05-24 08:14:51.673207+00	t	78	
\.


--
-- Data for Name: items_saveditem; Type: TABLE DATA; Schema: public; Owner: postgres
--

COPY public.items_saveditem (id, saved_at, item_id, user_id) FROM stdin;
5	2025-04-27 17:16:40.620304+00	101	82
6	2025-04-28 18:05:06.814342+00	101	2
7	2025-05-11 17:12:37.620425+00	98	91
8	2025-05-14 16:37:36.32345+00	96	78
\.


--
-- Data for Name: items_searchhistory; Type: TABLE DATA; Schema: public; Owner: postgres
--

COPY public.items_searchhistory (id, item_id, "timestamp", user_id, search_query) FROM stdin;
202	70	2024-12-03 18:45:58.897058+00	63	\N
203	70	2024-12-03 18:45:59.192229+00	63	\N
204	70	2024-12-03 18:45:59.321618+00	63	\N
205	70	2024-12-03 18:46:00.16761+00	63	\N
206	70	2024-12-03 18:46:31.299073+00	63	\N
207	70	2024-12-03 18:46:31.316015+00	63	\N
208	70	2024-12-03 18:46:31.421863+00	63	\N
209	\N	2024-12-03 18:46:32.429106+00	63	Lal
210	68	2024-12-03 18:46:32.51276+00	63	\N
211	\N	2024-12-03 18:46:35.338662+00	63	Laly
212	\N	2024-12-03 18:46:35.353612+00	63	Lalyo
213	\N	2024-12-03 18:46:35.468955+00	63	Lalyop
214	\N	2024-12-03 18:46:36.595427+00	63	Lalyo
215	\N	2024-12-03 18:46:36.633779+00	63	Laly
216	\N	2024-12-03 18:46:39.522778+00	63	Lal
217	68	2024-12-03 18:46:39.772242+00	63	\N
218	68	2024-12-03 18:46:39.834593+00	63	\N
219	68	2024-12-03 18:46:41.125997+00	63	\N
220	68	2024-12-03 18:46:41.178458+00	63	\N
221	68	2024-12-03 18:46:44.364636+00	63	\N
222	68	2024-12-03 18:46:51.976405+00	63	\N
223	68	2024-12-03 18:46:52.182601+00	63	\N
224	68	2024-12-03 18:46:52.183555+00	63	\N
225	68	2024-12-03 18:46:52.389645+00	63	\N
226	67	2024-12-03 18:47:02.428737+00	63	\N
227	67	2024-12-03 18:47:02.609501+00	63	\N
228	67	2024-12-03 18:47:03.362902+00	63	\N
229	67	2024-12-03 18:47:41.244336+00	63	\N
230	\N	2024-12-03 18:48:05.794437+00	63	Test l
231	\N	2024-12-03 18:48:05.997033+00	63	Test li
232	\N	2024-12-03 18:48:06.311375+00	63	Test lib
233	\N	2024-12-03 18:48:06.317459+00	63	Test libg
234	\N	2024-12-03 18:48:27.056599+00	63	Test li
235	\N	2024-12-03 18:48:27.055615+00	63	Test lib
236	\N	2024-12-03 18:48:27.160768+00	63	Test l
237	67	2024-12-03 18:48:27.549597+00	63	\N
238	67	2024-12-03 18:48:27.66247+00	63	\N
239	67	2024-12-03 18:48:31.593595+00	63	\N
240	67	2024-12-03 18:48:31.594592+00	63	\N
241	\N	2024-12-03 18:48:31.629554+00	63	Ok h
242	69	2024-12-03 18:48:31.712053+00	63	\N
243	\N	2024-12-03 18:48:31.825403+00	63	Ok ho
244	\N	2024-12-03 18:48:35.606976+00	63	Ok hon
245	\N	2024-12-03 18:48:35.616967+00	63	Ok hone
246	\N	2024-12-03 18:48:35.660523+00	63	Ok hon
247	\N	2024-12-03 18:48:35.706459+00	63	Ok ho
248	\N	2024-12-03 18:48:35.905094+00	63	Ok h
249	69	2024-12-03 18:48:39.977553+00	63	\N
250	70	2024-12-03 18:48:39.993508+00	63	\N
251	69	2024-12-03 18:48:40.068415+00	63	\N
252	70	2024-12-03 18:48:40.141797+00	63	\N
253	70	2024-12-03 18:48:40.612576+00	63	\N
254	70	2024-12-03 18:48:44.444881+00	63	\N
255	70	2024-12-03 18:48:59.708295+00	63	\N
256	70	2024-12-03 18:49:57.91109+00	63	\N
257	70	2024-12-03 18:49:57.96212+00	63	\N
258	70	2024-12-03 18:49:58.043079+00	63	\N
259	70	2024-12-03 18:49:58.050059+00	63	\N
260	67	2024-12-03 18:49:58.893575+00	63	\N
261	67	2024-12-03 18:50:02.37313+00	63	\N
262	67	2024-12-03 18:50:02.374174+00	63	\N
263	67	2024-12-03 18:50:25.36413+00	63	\N
264	67	2024-12-03 18:50:25.465468+00	63	\N
265	67	2024-12-03 18:50:26.917032+00	63	\N
266	67	2024-12-03 18:50:27.202655+00	63	\N
267	67	2024-12-03 18:50:27.550215+00	63	\N
268	67	2024-12-03 18:51:54.852262+00	63	\N
269	67	2024-12-03 18:51:54.912912+00	63	\N
270	67	2024-12-03 18:51:55.169673+00	63	\N
271	67	2024-12-03 18:51:57.993939+00	63	\N
272	67	2024-12-03 18:52:00.843279+00	63	\N
273	67	2024-12-03 18:52:35.376677+00	63	\N
274	67	2024-12-03 18:52:35.660335+00	63	\N
275	\N	2024-12-03 18:52:36.116139+00	63	Ts
276	\N	2024-12-03 18:52:41.755361+00	63	So
277	\N	2024-12-03 18:52:42.159098+00	63	Sof
278	\N	2024-12-03 18:52:42.162107+00	63	Sofa
279	\N	2024-12-03 18:52:45.698722+00	63	Sof
280	\N	2024-12-03 18:52:46.011281+00	63	So
281	\N	2024-12-03 18:52:47.990707+00	63	So
282	67	2024-12-03 18:52:50.012287+00	63	\N
283	67	2024-12-03 18:52:50.018325+00	63	\N
284	67	2024-12-03 18:52:52.207173+00	63	\N
285	67	2024-12-03 18:53:06.963885+00	63	\N
286	67	2024-12-03 18:53:06.986207+00	63	\N
287	67	2024-12-03 18:53:07.949153+00	63	\N
288	67	2024-12-03 18:53:08.234952+00	63	\N
289	67	2024-12-03 18:53:08.275436+00	63	\N
290	67	2024-12-03 18:56:01.134417+00	62	\N
291	67	2024-12-03 18:56:01.310261+00	62	\N
292	67	2024-12-03 18:56:01.333567+00	62	\N
293	67	2024-12-03 18:56:26.499106+00	62	\N
294	67	2024-12-03 18:56:46.301569+00	62	\N
295	68	2024-12-03 18:56:47.310529+00	62	\N
296	\N	2024-12-03 18:56:47.306542+00	62	Lag
297	\N	2024-12-03 18:56:47.305544+00	62	Lagd
298	\N	2024-12-03 18:56:47.602306+00	62	Lagds
299	\N	2024-12-03 18:56:58.680912+00	62	Lag
300	\N	2024-12-03 18:56:58.712579+00	62	Lagd
301	68	2024-12-03 18:56:59.039923+00	62	\N
302	\N	2024-12-03 18:57:00.199285+00	62	Si
303	\N	2024-12-03 18:57:00.524822+00	62	Sid
305	\N	2024-12-03 18:57:03.010613+00	62	Sida
304	\N	2024-12-03 18:57:02.996619+00	62	Sidas
306	\N	2024-12-03 18:57:03.410665+00	62	Sidasv
307	68	2024-12-04 15:17:08.858316+00	62	\N
308	\N	2024-12-04 15:18:13.527412+00	62	electronic
309	67	2024-12-04 15:18:35.493796+00	62	\N
310	70	2024-12-04 15:29:15.517576+00	62	\N
311	\N	2024-12-04 15:30:27.350089+00	62	asher
312	\N	2024-12-04 15:34:54.642867+00	62	asher
313	70	2024-12-04 15:35:27.764645+00	62	\N
314	68	2024-12-04 15:54:01.638121+00	62	\N
315	68	2024-12-04 15:56:20.498611+00	62	\N
316	68	2024-12-04 15:57:02.666515+00	62	\N
317	\N	2024-12-04 15:57:50.523235+00	62	vehicles
318	\N	2024-12-04 16:36:58.00644+00	62	vehicles
319	68	2024-12-04 16:38:31.625274+00	62	laptop
320	\N	2024-12-04 16:44:14.011326+00	62	vehicles
321	68	2024-12-04 16:44:55.102249+00	62	Laptop
322	70	2024-12-04 17:22:34.147512+00	62	phone
323	70	2024-12-04 17:23:14.660911+00	62	good phone
324	70	2024-12-04 17:23:51.635555+00	62	good phone
325	68	2024-12-04 17:24:32.931034+00	62	Laptop
326	68	2024-12-04 17:30:05.134091+00	62	Laptop
327	68	2024-12-04 17:30:45.634022+00	62	Laptop
328	68	2024-12-04 17:33:45.30469+00	62	Laptop
329	70	2024-12-04 17:35:14.876311+00	62	good old
330	69	2024-12-04 17:36:00.894159+00	62	books
331	69	2024-12-04 17:36:47.557384+00	62	books
332	69	2024-12-04 17:37:19.323884+00	62	books
333	69	2024-12-04 17:40:49.487193+00	62	books
334	77	2024-12-04 18:02:07.034053+00	62	meh
335	77	2024-12-04 18:03:30.960516+00	62	meh
336	77	2024-12-04 18:05:08.985076+00	62	meh
337	\N	2024-12-04 20:08:37.527691+00	62	material
338	\N	2024-12-04 20:09:25.807935+00	62	vehicles
339	77	2024-12-04 20:09:41.410096+00	62	mehran
340	77	2024-12-04 20:12:51.996217+00	62	mehran
341	77	2024-12-04 20:22:51.601134+00	62	mehran
342	77	2024-12-04 20:23:32.400435+00	62	mehran
344	70	2024-12-04 20:55:39.223949+00	19	Pho
343	70	2024-12-04 20:55:39.221913+00	19	Phon
345	70	2024-12-04 20:55:39.598368+00	19	Phone
346	70	2024-12-04 20:55:39.531891+00	19	Ph
347	74	2024-12-04 20:56:22.520759+00	19	PC
348	\N	2024-12-04 20:57:10.834562+00	19	Fu
349	\N	2024-12-04 20:57:10.865277+00	19	Fur
350	\N	2024-12-04 20:57:10.959945+00	19	Furn
351	\N	2024-12-04 20:57:11.515185+00	19	Furni
352	\N	2024-12-04 20:57:12.210724+00	19	Furnit
353	\N	2024-12-04 20:57:15.332831+00	19	Furnitu
354	\N	2024-12-04 20:57:15.394761+00	19	Furniture
355	\N	2024-12-04 20:57:15.655076+00	19	Furnitur
356	\N	2024-12-04 20:57:17.965684+00	19	Furnitur
357	\N	2024-12-04 20:57:17.976696+00	19	Furnitu
358	\N	2024-12-04 20:57:19.705767+00	19	Furnit
359	\N	2024-12-04 20:57:19.953829+00	19	Furni
360	\N	2024-12-04 20:57:20.017412+00	19	Furn
361	\N	2024-12-04 20:57:22.272511+00	19	Fur
362	\N	2024-12-04 20:57:22.32246+00	19	Fu
363	77	2024-12-04 20:57:47.046432+00	19	Meh
364	77	2024-12-04 20:57:47.325294+00	19	Mehr
365	77	2024-12-04 20:57:47.390806+00	19	Mehra
366	77	2024-12-04 20:57:47.456024+00	19	Me
367	77	2024-12-04 20:57:47.667371+00	19	Mehran
368	68	2024-12-04 20:59:33.106642+00	64	La
369	68	2024-12-04 20:59:33.450779+00	64	Lap
370	68	2024-12-04 20:59:33.4758+00	64	Lapto
371	68	2024-12-04 20:59:33.745984+00	64	Laptop
372	68	2024-12-04 20:59:33.785886+00	64	Lapt
373	77	2024-12-04 21:00:12.145695+00	64	Meh
374	77	2024-12-04 21:00:12.146248+00	64	Me
376	77	2024-12-04 21:00:12.561569+00	64	Mehra
375	77	2024-12-04 21:00:12.563094+00	64	Mehr
377	77	2024-12-04 21:00:12.918592+00	64	Mehran
378	79	2024-12-04 21:02:11.868465+00	64	Fy
379	79	2024-12-04 21:02:12.262513+00	64	Fyp
380	73	2024-12-05 06:16:00.211542+00	19	Ch
381	73	2024-12-05 06:16:00.351466+00	19	Chai
382	73	2024-12-05 06:16:00.421554+00	19	Chair
383	73	2024-12-05 06:16:00.521239+00	19	Cha
384	79	2024-12-05 06:18:16.755105+00	65	Fy
385	79	2024-12-05 06:18:16.855012+00	65	Fyp
386	77	2024-12-05 06:18:56.269716+00	65	Me
387	77	2024-12-05 06:18:56.518668+00	65	Meh
388	77	2024-12-05 06:18:56.854094+00	65	Mehr
389	77	2024-12-05 06:18:56.94822+00	65	Mehra
390	77	2024-12-05 06:18:57.069235+00	65	Mehran
391	72	2024-12-05 06:19:34.199164+00	65	Tab
392	67	2024-12-05 06:19:34.225732+00	65	Ta
393	67	2024-12-05 06:19:34.454996+00	65	Ta
394	67	2024-12-05 06:19:35.316337+00	65	Ta
395	72	2024-12-05 06:19:35.404365+00	65	Tab
396	\N	2024-12-05 06:19:38.716737+00	65	Tae
397	67	2024-12-05 06:19:39.094588+00	65	Ta
398	67	2024-12-05 06:19:39.20833+00	65	Ta
399	72	2024-12-05 06:19:39.935472+00	65	Tab
400	72	2024-12-05 06:19:40.188606+00	65	Tabl
401	72	2024-12-05 06:19:43.353653+00	65	Table
402	\N	2024-12-05 06:32:16.18866+00	65	Meha
403	77	2024-12-05 06:32:16.428373+00	65	Meh
404	77	2024-12-05 06:32:16.580389+00	65	Me
405	77	2024-12-05 06:32:16.788793+00	65	Meh
406	77	2024-12-05 06:32:17.148183+00	65	Mehr
407	77	2024-12-05 06:32:21.269339+00	65	Mehra
408	77	2024-12-05 06:32:21.695004+00	65	Mehran
409	75	2024-12-05 06:36:05.84969+00	66	Ba
410	75	2024-12-05 06:36:05.882605+00	66	Bal
411	75	2024-12-05 06:36:06.289439+00	66	Ball
412	75	2024-12-05 06:36:06.36498+00	66	Ballo
413	\N	2024-12-05 06:36:06.567547+00	66	Ballon
414	75	2024-12-05 06:36:10.422127+00	66	Balloo
415	75	2024-12-05 06:36:10.513173+00	66	Ballo
416	75	2024-12-05 06:36:10.890929+00	66	Balloon
418	77	2024-12-05 06:59:07.003836+00	62	Mehr
417	77	2024-12-05 06:59:07.001844+00	62	Meh
419	77	2024-12-05 06:59:07.008824+00	62	Me
420	77	2024-12-05 06:59:07.331643+00	62	Mehra
421	77	2024-12-05 06:59:07.722974+00	62	Mehran
422	81	2024-12-05 06:59:51.202922+00	62	De
423	81	2024-12-05 06:59:51.745316+00	62	Deco
424	81	2024-12-05 06:59:51.89094+00	62	Dec
425	81	2024-12-05 06:59:52.528901+00	62	Decora
426	81	2024-12-05 06:59:52.530894+00	62	Decor
427	\N	2024-12-05 06:59:57.005544+00	62	Decoray
428	81	2024-12-05 06:59:57.746436+00	62	Decorat
429	81	2024-12-05 06:59:57.747433+00	62	Decora
430	81	2024-12-05 06:59:58.140491+00	62	Decorati
431	81	2024-12-05 06:59:58.2074+00	62	Decoratio
432	81	2024-12-05 07:00:03.362557+00	62	Decoration
433	81	2024-12-05 19:55:02.792324+00	62	Deco
434	81	2024-12-05 19:55:02.805451+00	62	De
435	81	2024-12-05 19:55:02.806696+00	62	Dec
436	81	2024-12-05 19:55:03.401888+00	62	Decor
437	81	2024-12-05 19:55:08.025545+00	62	Decorati
438	81	2024-12-05 19:55:08.043936+00	62	Decorat
439	81	2024-12-05 19:55:08.704677+00	62	Decoratio
440	81	2024-12-05 19:55:10.695101+00	62	Decora
441	81	2024-12-05 19:55:13.075441+00	62	Decoration
442	82	2024-12-05 19:58:55.810312+00	62	Pen
443	82	2024-12-05 19:59:13.11568+00	62	Pe
444	\N	2024-12-07 10:12:36.51697+00	62	Mehrc
445	77	2024-12-07 10:12:36.640945+00	62	Me
446	77	2024-12-07 10:12:36.645804+00	62	Meh
447	77	2024-12-07 10:12:36.83004+00	62	Mehr
448	77	2024-12-07 10:12:37.609777+00	62	Mehr
449	77	2024-12-07 10:12:41.168136+00	62	Mehran
450	77	2024-12-07 10:12:41.307625+00	62	Mehra
452	76	2024-12-07 10:24:42.101841+00	67	Scr
451	76	2024-12-07 10:24:42.101841+00	67	Sc
453	76	2024-12-07 10:24:42.314718+00	67	Screw
454	76	2024-12-07 10:24:42.432782+00	67	Scre
455	73	2024-12-07 10:27:10.702127+00	67	Cha
456	73	2024-12-07 10:27:10.709415+00	67	Ch
457	83	2024-12-07 10:27:11.409272+00	67	Charg
458	83	2024-12-07 10:27:11.409272+00	67	Char
459	83	2024-12-07 10:27:11.770248+00	67	Charge
460	83	2024-12-07 10:27:15.807511+00	67	Charger
461	79	2024-12-07 11:27:51.097345+00	62	Fyp
462	79	2024-12-07 11:27:53.721915+00	62	Fy
463	74	2024-12-07 15:03:06.282676+00	67	Pc
464	81	2024-12-07 15:03:50.797644+00	67	Dec
465	81	2024-12-07 15:03:51.18792+00	67	Decoration
467	81	2024-12-07 15:04:00.683618+00	67	Deco
466	81	2024-12-07 15:03:59.947394+00	67	De
468	84	2024-12-07 15:04:59.795449+00	67	Perfu
469	84	2024-12-07 15:05:00.291513+00	67	Perfum
470	84	2024-12-07 15:05:03.549198+00	67	Per
471	84	2024-12-07 15:05:05.016719+00	67	Perf
472	82	2024-12-07 15:05:05.9399+00	67	Pe
473	84	2024-12-07 15:05:12.908915+00	67	Perfume
474	84	2024-12-07 15:05:40.652851+00	67	Per
475	82	2024-12-07 15:05:40.654853+00	67	Pe
476	84	2024-12-07 15:05:42.062137+00	67	Perf
478	84	2024-12-07 15:05:42.076125+00	67	Perfum
477	84	2024-12-07 15:05:42.06914+00	67	Perfu
479	84	2024-12-07 15:05:47.422139+00	67	Perfum
480	84	2024-12-07 15:05:48.834482+00	67	Perfume
481	84	2024-12-07 15:05:51.294557+00	67	Perfum
482	84	2024-12-07 16:11:48.34612+00	62	perfume
483	82	2024-12-07 16:39:05.294053+00	62	Pe
484	84	2024-12-07 16:39:05.507143+00	62	Per
485	79	2024-12-07 16:42:04.241869+00	62	Fy
486	79	2024-12-07 16:42:04.623019+00	62	Fyp
487	82	2024-12-07 16:42:58.179727+00	62	Pe
488	84	2024-12-07 16:42:58.414796+00	62	Perf
489	84	2024-12-07 16:42:59.195472+00	62	Perfum
490	84	2024-12-07 16:42:59.393375+00	62	Perfu
491	84	2024-12-07 16:43:02.276977+00	62	Per
492	84	2024-12-07 16:43:02.92723+00	62	Perfume
493	84	2024-12-07 17:13:24.356971+00	62	perfume
494	84	2024-12-07 17:20:00.327247+00	19	Per
495	82	2024-12-07 17:20:02.435605+00	19	Pe
496	84	2024-12-07 17:20:18.404782+00	19	Perf
497	84	2024-12-07 17:20:18.882862+00	19	Perfu
498	84	2024-12-07 17:20:19.286931+00	19	Perfume
499	84	2024-12-07 17:20:25.523688+00	19	Perfum
500	81	2024-12-07 17:22:01.708635+00	19	De
501	\N	2024-12-07 17:22:02.360708+00	19	Dex
502	81	2024-12-07 17:22:02.38258+00	19	De
503	81	2024-12-07 17:22:03.590387+00	19	Deco
504	81	2024-12-07 17:22:05.219938+00	19	Dec
505	81	2024-12-07 17:22:08.743005+00	19	Decora
506	81	2024-12-07 17:22:08.845626+00	19	Decor
507	81	2024-12-07 17:22:09.774282+00	19	Decorat
508	81	2024-12-07 17:22:11.457879+00	19	Decoration
509	81	2024-12-07 17:22:51.715451+00	19	De
510	81	2024-12-07 17:22:52.227+00	19	Deco
511	81	2024-12-07 17:22:52.288466+00	19	Decor
512	81	2024-12-07 17:22:52.930398+00	19	Dec
513	81	2024-12-07 17:22:53.653449+00	19	Decora
514	\N	2024-12-07 17:23:02.121722+00	19	Decoratin
515	81	2024-12-07 17:23:02.488491+00	19	Decorati
516	81	2024-12-07 17:23:03.297836+00	19	Decoration
517	81	2024-12-07 17:23:02.906103+00	19	Decorat
518	79	2024-12-07 17:27:16.946358+00	19	Fy
519	79	2024-12-07 17:27:17.35854+00	19	Fyp
520	79	2024-12-07 17:28:12.44273+00	19	Fyp
521	79	2024-12-07 17:28:16.257218+00	19	Fy
522	67	2024-12-07 17:30:57.269984+00	19	Te
523	67	2024-12-07 17:31:12.192162+00	19	Test
524	67	2024-12-07 17:31:22.222381+00	19	Test
526	82	2024-12-07 22:56:04.082661+00	62	pe
525	84	2024-12-07 22:56:04.07962+00	62	per
527	74	2024-12-07 23:20:49.895255+00	67	PC
528	82	2024-12-07 23:21:26.972329+00	67	Pe
529	82	2024-12-07 23:21:27.023208+00	67	Pen
530	\N	2024-12-07 23:23:01.724571+00	67	O,
531	\N	2024-12-07 23:23:02.462422+00	67	O,
532	\N	2024-12-07 23:23:03.69226+00	67	pX
533	\N	2024-12-07 23:23:04.798539+00	67	O,c
534	74	2024-12-07 23:23:05.784361+00	67	pC
535	74	2024-12-07 23:23:10.137497+00	67	Pc
536	84	2024-12-07 23:24:13.172291+00	67	Per
537	84	2024-12-07 23:24:13.385239+00	67	Perf
538	84	2024-12-07 23:24:13.565909+00	67	Perfu
539	84	2024-12-07 23:24:13.72378+00	67	Perfum
540	82	2024-12-07 23:24:15.823511+00	67	Pe
541	84	2024-12-07 23:24:17.536421+00	67	Perfume
542	82	2024-12-07 23:25:01.082885+00	67	Pe
543	84	2024-12-07 23:25:01.377676+00	67	Per
544	84	2024-12-07 23:25:02.328338+00	67	Perfu
545	84	2024-12-07 23:25:02.332324+00	67	Perfum
546	84	2024-12-07 23:25:05.538927+00	67	Perfume
547	84	2024-12-07 23:25:07.840033+00	67	Perf
548	76	2024-12-07 23:27:08.804196+00	67	Sc
549	76	2024-12-07 23:27:08.978764+00	67	Scr
550	76	2024-12-07 23:27:09.291825+00	67	Scre
551	76	2024-12-07 23:27:10.130312+00	67	Screwd
552	76	2024-12-07 23:27:13.126335+00	67	Screwdr
553	76	2024-12-07 23:27:13.216124+00	67	Screwdri
554	76	2024-12-07 23:27:14.41333+00	67	Screwdrive
555	76	2024-12-07 23:27:15.951949+00	67	Screwdriv
556	76	2024-12-07 23:27:17.375485+00	67	Screwdriver
557	76	2024-12-07 23:27:19.049962+00	67	Screw
558	76	2024-12-07 23:27:45.453179+00	67	SCR
559	76	2024-12-07 23:27:45.575858+00	67	SCRE
560	76	2024-12-07 23:27:45.624297+00	67	SC
561	76	2024-12-07 23:27:46.584586+00	67	SCREW
562	76	2024-12-07 23:27:48.753774+00	67	SCREWD
563	76	2024-12-07 23:27:49.66678+00	67	SCREWDR
564	76	2024-12-07 23:27:49.801174+00	67	SCREWDRI
565	76	2024-12-07 23:27:50.203074+00	67	SCREWDRIV
566	76	2024-12-07 23:27:50.858553+00	67	SCREWDRIVE
567	76	2024-12-07 23:27:53.100738+00	67	SCREWDRIVER
568	73	2024-12-07 23:28:36.368356+00	67	Ch
569	73	2024-12-07 23:28:36.72936+00	67	Cha
570	83	2024-12-07 23:28:36.753373+00	67	Char
571	83	2024-12-07 23:28:36.89906+00	67	Charg
572	83	2024-12-07 23:28:36.987107+00	67	Charge
573	83	2024-12-07 23:28:40.651547+00	67	Charger
574	83	2024-12-07 23:28:41.001393+00	67	Charger
575	81	2024-12-07 23:29:47.906707+00	67	De
576	81	2024-12-07 23:29:48.04145+00	67	Dec
577	81	2024-12-07 23:29:48.174668+00	67	Deco
578	81	2024-12-07 23:29:48.296822+00	67	Decor
579	81	2024-12-07 23:29:48.558664+00	67	Decora
580	81	2024-12-07 23:29:52.220651+00	67	Decorat
581	81	2024-12-07 23:29:52.339034+00	67	Decorati
582	81	2024-12-07 23:29:52.358019+00	67	Decoratio
583	81	2024-12-07 23:29:53.271431+00	67	Decoration
584	82	2024-12-07 23:31:15.881495+00	67	Pe
585	82	2024-12-07 23:31:15.980776+00	67	Pen
586	74	2024-12-07 23:32:27.976984+00	67	Pc
587	74	2024-12-07 23:33:06.696768+00	67	Pc
588	73	2024-12-07 23:33:44.243104+00	67	Ch
589	73	2024-12-07 23:33:44.300545+00	67	Cha
590	73	2024-12-07 23:33:44.481177+00	67	Chai
591	73	2024-12-07 23:33:44.700088+00	67	Chair
592	73	2024-12-07 23:34:23.728116+00	67	Cha
593	73	2024-12-07 23:34:24.497576+00	67	Ch
594	73	2024-12-07 23:34:24.498563+00	67	Chai
595	73	2024-12-07 23:34:24.500566+00	67	Chair
596	76	2024-12-07 23:35:52.215239+00	67	Scr
597	76	2024-12-07 23:35:52.219266+00	67	Sc
598	76	2024-12-07 23:35:52.529034+00	67	Scre
599	76	2024-12-07 23:35:52.530028+00	67	Screw
600	76	2024-12-07 23:35:56.937256+00	67	Screwd
601	76	2024-12-07 23:35:57.26047+00	67	Screwdri
602	76	2024-12-07 23:35:57.258428+00	67	Screwdr
603	76	2024-12-07 23:35:57.572865+00	67	Screwdriv
604	76	2024-12-07 23:35:57.903045+00	67	Screwdrive
605	76	2024-12-07 23:36:02.128229+00	67	Screwdriver
606	76	2024-12-07 23:37:13.064547+00	67	Sc
607	76	2024-12-07 23:37:13.066526+00	67	Scr
608	76	2024-12-07 23:37:13.072906+00	67	Screw
609	76	2024-12-07 23:37:13.073911+00	67	Scre
610	76	2024-12-07 23:37:16.594106+00	67	Screwdriver
611	76	2024-12-07 23:42:30.891356+00	68	Sc
612	76	2024-12-07 23:42:31.109785+00	68	Scr
613	76	2024-12-07 23:42:31.317092+00	68	Scre
614	76	2024-12-07 23:42:31.660047+00	68	Screw
615	76	2024-12-07 23:42:34.077671+00	68	Screwd
616	76	2024-12-07 23:42:35.335901+00	68	Screwdr
617	76	2024-12-07 23:42:35.359794+00	68	Screwdri
618	76	2024-12-07 23:42:35.767774+00	68	Screwdriv
619	76	2024-12-07 23:42:36.006886+00	68	Screwdrive
620	76	2024-12-07 23:42:38.421238+00	68	Screwdriver
621	\N	2024-12-07 23:43:42.749057+00	68	Oe
622	\N	2024-12-07 23:43:43.067478+00	68	Oen
623	82	2024-12-07 23:43:44.589598+00	68	Pe
624	82	2024-12-07 23:43:44.62494+00	68	Pen
625	\N	2024-12-07 23:43:44.962905+00	68	Oe
626	82	2024-12-07 23:43:48.823713+00	68	Pen
627	82	2024-12-07 23:43:50.624873+00	68	Pen
628	82	2024-12-07 23:44:22.074562+00	68	Pen
629	82	2024-12-07 23:44:22.092294+00	68	Pe
630	79	2024-12-07 23:45:45.13357+00	68	Fy
631	79	2024-12-07 23:45:45.167034+00	68	Fyp
632	82	2024-12-07 23:47:48.02324+00	68	Pe
633	82	2024-12-07 23:47:48.137788+00	68	Pen
634	82	2024-12-07 23:49:07.035753+00	68	Pen
635	82	2024-12-07 23:49:07.037735+00	68	Pe
636	\N	2024-12-07 23:51:16.634676+00	62	So
637	\N	2024-12-07 23:51:17.159558+00	62	Sofa
638	\N	2024-12-07 23:51:17.809797+00	62	Sof
639	80	2024-12-07 23:51:47.153439+00	62	Pa
640	80	2024-12-07 23:51:48.464382+00	62	Pan
641	80	2024-12-07 23:51:57.202117+00	62	Pana
642	80	2024-12-07 23:51:57.5474+00	62	Panad
643	80	2024-12-07 23:51:57.646029+00	62	Panado
644	80	2024-12-07 23:51:58.554794+00	62	Panadol
645	80	2024-12-07 23:55:22.280853+00	62	pan
646	80	2024-12-07 23:55:22.627208+00	62	pa
647	80	2024-12-07 23:55:34.280411+00	62	pana
648	80	2024-12-07 23:55:34.669831+00	62	panadol
649	80	2024-12-07 23:55:35.18331+00	62	panado
650	80	2024-12-07 23:55:35.94369+00	62	panad
651	80	2024-12-07 23:55:54.024391+00	68	Panad
652	80	2024-12-07 23:55:54.158754+00	68	Pan
653	80	2024-12-07 23:55:54.468431+00	68	Pa
654	80	2024-12-07 23:55:54.876226+00	68	Pana
655	80	2024-12-07 23:55:54.924249+00	68	Panado
656	80	2024-12-07 23:55:58.993226+00	68	Panadol
657	80	2024-12-07 23:57:33.317733+00	27	pa
658	80	2024-12-07 23:57:33.383358+00	27	pana
659	80	2024-12-07 23:57:33.436365+00	27	pan
660	72	2024-12-08 00:00:25.157762+00	27	tab
661	72	2024-12-08 00:00:25.454488+00	27	tabl
662	72	2024-12-08 00:00:25.483966+00	27	table
663	67	2024-12-08 00:00:25.955926+00	27	ta
664	\N	2024-12-08 00:01:42.399595+00	27	ele
665	\N	2024-12-08 00:01:42.564057+00	27	el
667	\N	2024-12-08 00:01:43.242089+00	27	electr
666	\N	2024-12-08 00:01:43.234359+00	27	elect
668	\N	2024-12-08 00:01:44.269323+00	27	elec
669	\N	2024-12-08 00:01:46.597509+00	27	electron
670	\N	2024-12-08 00:01:47.073379+00	27	electro
671	\N	2024-12-08 00:01:47.303408+00	27	electroni
672	\N	2024-12-08 00:01:47.320504+00	27	electronic
673	\N	2024-12-08 00:01:48.365488+00	27	electronics
674	67	2024-12-08 00:02:59.306076+00	27	St
675	67	2024-12-08 00:02:59.513797+00	27	Sti
677	\N	2024-12-08 00:02:59.574209+00	27	Stidu
678	\N	2024-12-08 00:03:00.213963+00	27	Study
676	\N	2024-12-08 00:03:00.018001+00	27	Stid
679	\N	2024-12-08 00:03:06.218703+00	27	Stud
681	67	2024-12-08 00:03:06.593092+00	27	St
680	\N	2024-12-08 00:03:06.580067+00	27	Stu
682	\N	2024-12-08 00:03:08.015391+00	27	Study
683	68	2024-12-08 00:08:15.011011+00	27	lap
684	68	2024-12-08 00:08:15.025096+00	27	la
685	68	2024-12-08 00:08:15.344124+00	27	laptop
686	68	2024-12-08 00:08:15.471319+00	27	lapt
687	68	2024-12-08 00:08:16.627973+00	27	lapto
688	67	2024-12-08 00:13:35.37618+00	27	tes
689	67	2024-12-08 00:13:35.377169+00	27	te
690	67	2024-12-08 00:13:35.594943+00	27	test
691	67	2024-12-08 00:13:43.787232+00	27	test d
692	67	2024-12-08 00:13:43.923316+00	27	test da
693	67	2024-12-08 00:13:44.167801+00	27	test data
694	67	2024-12-08 00:13:44.211779+00	27	test dat
695	67	2024-12-08 00:13:44.82484+00	27	test
696	\N	2024-12-08 00:13:48.02613+00	27	test data 1
697	67	2024-12-08 00:13:48.386855+00	27	test data
698	67	2024-12-08 00:14:43.954432+00	27	te
699	67	2024-12-08 00:14:44.015472+00	27	tes
700	67	2024-12-08 00:14:44.127422+00	27	test
701	67	2024-12-08 00:14:44.424433+00	27	test
702	67	2024-12-08 00:14:44.545427+00	27	test d
703	67	2024-12-08 00:14:48.361274+00	27	test da
704	67	2024-12-08 00:14:48.364274+00	27	test dat
705	67	2024-12-08 00:14:48.625274+00	27	test data
706	68	2024-12-08 00:14:48.928274+00	27	test data1
707	80	2024-12-08 00:15:21.577475+00	27	pa
708	80	2024-12-08 00:15:21.779192+00	27	pan
710	80	2024-12-08 00:15:22.549519+00	27	panad
709	80	2024-12-08 00:15:22.519336+00	27	pana
711	80	2024-12-08 00:15:22.760962+00	27	panado
712	80	2024-12-08 00:15:25.977421+00	27	panadol
713	67	2024-12-08 00:16:28.831427+00	27	ta
714	72	2024-12-08 00:16:29.088413+00	27	tab
715	72	2024-12-08 00:16:29.207032+00	27	tabl
716	72	2024-12-08 00:16:29.515531+00	27	table
717	77	2024-12-08 10:54:32.951393+00	62	Meh
718	77	2024-12-08 10:54:46.028698+00	62	Mehran
719	77	2024-12-08 10:54:46.030689+00	62	Mehr
720	77	2024-12-08 10:54:58.389312+00	62	Mehra
721	77	2024-12-08 10:55:29.602926+00	62	Me
723	73	2024-12-08 10:55:59.500046+00	62	Ch
722	73	2024-12-08 10:55:59.497058+00	62	Cha
724	83	2024-12-08 10:56:01.978438+00	62	Charg
725	83	2024-12-08 10:56:02.073401+00	62	Charge
726	83	2024-12-08 10:56:09.117417+00	62	Char
727	83	2024-12-08 10:56:21.912682+00	62	Charger
728	85	2024-12-08 10:58:37.338514+00	62	Cup
729	85	2024-12-08 10:58:37.970146+00	62	Cu
730	76	2024-12-08 11:05:28.902767+00	69	Sc
731	76	2024-12-08 11:05:29.24555+00	69	Scr
734	76	2024-12-08 11:05:29.663435+00	69	Screwd
733	76	2024-12-08 11:05:29.546637+00	69	Screw
732	76	2024-12-08 11:05:29.466938+00	69	Scre
735	76	2024-12-08 11:05:33.75187+00	69	Screwdr
736	76	2024-12-08 11:05:34.06453+00	69	Screwdri
737	76	2024-12-08 11:05:34.576093+00	69	Screwdriver
738	76	2024-12-08 11:05:34.62331+00	69	Screwdriv
739	76	2024-12-08 11:05:34.638849+00	69	Screwdrive
740	70	2024-12-08 13:22:01.794774+00	19	Pho
742	70	2024-12-08 13:22:01.800616+00	19	Ph
743	70	2024-12-08 13:22:01.802611+00	19	Phon
741	70	2024-12-08 13:22:01.7996+00	19	Phone
744	84	2024-12-08 13:59:11.169219+00	19	Per
745	84	2024-12-08 13:59:13.217717+00	19	Perf
746	84	2024-12-08 13:59:13.392652+00	19	Perfu
747	82	2024-12-08 13:59:13.565219+00	19	Pe
748	84	2024-12-08 13:59:18.850602+00	19	Perfum
749	84	2024-12-08 13:59:30.927675+00	19	Perfume
750	79	2024-12-08 14:00:23.879997+00	19	Fy
751	79	2024-12-08 14:00:24.231053+00	19	Fyp
752	84	2024-12-08 16:32:44.308831+00	62	perfume
753	77	2024-12-08 16:40:41.350672+00	62	Me
754	77	2024-12-08 16:40:41.687127+00	62	Meh
755	73	2024-12-08 16:42:04.27876+00	62	Cha
756	73	2024-12-08 16:42:04.289723+00	62	Ch
757	83	2024-12-08 16:42:04.392432+00	62	Charg
759	83	2024-12-08 16:42:06.812761+00	62	Char
758	83	2024-12-08 16:42:05.507054+00	62	Charge
760	83	2024-12-08 16:42:21.445597+00	62	Charger
761	83	2024-12-08 16:42:21.645997+00	62	Charger
762	73	2024-12-08 16:43:46.165759+00	62	Ch
763	83	2024-12-08 16:43:46.585891+00	62	Charg
764	73	2024-12-08 16:43:46.585891+00	62	Cha
765	83	2024-12-08 16:43:46.586931+00	62	Charge
766	83	2024-12-08 16:43:46.79446+00	62	Char
767	\N	2024-12-08 16:43:52.176177+00	62	Chargee
768	83	2024-12-08 16:43:52.580329+00	62	Charge
769	83	2024-12-08 16:43:53.112339+00	62	Charger
770	85	2024-12-08 16:44:39.925107+00	62	Cu
771	85	2024-12-08 16:44:40.141251+00	62	Cup
772	\N	2024-12-08 16:45:35.675632+00	62	Pee
773	82	2024-12-08 16:45:35.746681+00	62	Pe
774	\N	2024-12-08 16:45:36.016979+00	62	Peefue
776	\N	2024-12-08 16:45:36.104393+00	62	Peef
775	\N	2024-12-08 16:45:36.103374+00	62	Peefu
777	\N	2024-12-08 16:45:40.689075+00	62	Peefue
778	\N	2024-12-08 16:45:40.690027+00	62	Peefuem
779	\N	2024-12-08 16:45:41.469884+00	62	Peefu
780	\N	2024-12-08 16:45:41.475724+00	62	Peef
781	\N	2024-12-08 16:45:43.000415+00	62	Pee
782	84	2024-12-08 16:45:50.561905+00	62	Per
783	82	2024-12-08 16:45:50.631322+00	62	Pe
784	84	2024-12-08 16:45:50.695736+00	62	Perf
785	84	2024-12-08 16:45:51.362063+00	62	Perfu
786	84	2024-12-08 16:45:52.537076+00	62	Perfum
787	84	2024-12-08 16:45:55.547248+00	62	Perfume
788	73	2024-12-08 16:46:33.894106+00	62	Ch
789	73	2024-12-08 16:46:33.996079+00	62	Cha
790	73	2024-12-08 16:46:34.232623+00	62	Chai
791	73	2024-12-08 16:46:35.273544+00	62	Chair
792	81	2024-12-08 16:48:54.170508+00	62	Dec
793	81	2024-12-08 16:48:54.233743+00	62	De
794	81	2024-12-08 16:48:54.580227+00	62	Decor
795	81	2024-12-08 16:48:54.602171+00	62	Deco
796	81	2024-12-08 16:48:56.53361+00	62	Decora
797	81	2024-12-08 16:48:59.759471+00	62	Decoration
798	81	2024-12-08 16:49:53.366012+00	62	De
799	81	2024-12-08 16:49:54.595921+00	62	Dec
800	81	2024-12-08 16:49:55.213752+00	62	Deco
801	81	2024-12-08 16:49:55.56379+00	62	Decoration
802	73	2024-12-08 16:50:41.232075+00	62	Ch
803	83	2024-12-08 16:50:41.636705+00	62	Char
804	73	2024-12-08 16:50:42.231619+00	62	Cha
805	73	2024-12-08 16:50:42.561783+00	62	Chai
806	73	2024-12-08 16:50:42.622359+00	62	Cha
807	73	2024-12-08 16:50:46.001395+00	62	Chair
808	82	2024-12-08 16:51:29.583145+00	62	Pen
809	82	2024-12-08 16:51:36.756218+00	62	Pe
810	\N	2024-12-08 16:52:32.002853+00	62	Cip
811	\N	2024-12-08 16:52:32.82005+00	62	Ci
812	85	2024-12-08 16:52:35.991437+00	62	Cu
813	85	2024-12-08 16:52:36.215727+00	62	Cup
814	\N	2024-12-08 16:52:37.670588+00	62	Ci
815	85	2024-12-08 16:52:51.799791+00	62	Cup
816	85	2024-12-08 16:53:37.39804+00	62	Cup
817	85	2024-12-08 16:53:39.46999+00	62	Cup
818	85	2024-12-08 16:53:44.907799+00	62	Cu
819	85	2024-12-08 16:53:55.822528+00	62	Cup
820	81	2024-12-08 16:55:38.592648+00	62	De
822	81	2024-12-08 16:55:39.316624+00	62	Dec
821	81	2024-12-08 16:55:39.31562+00	62	Deco
823	81	2024-12-08 16:55:39.632578+00	62	Decoration
824	82	2024-12-08 16:56:56.281198+00	62	Pen
825	82	2024-12-08 16:56:56.559677+00	62	Pe
826	82	2024-12-08 17:00:45.002931+00	67	Pen
827	82	2024-12-08 17:00:45.003977+00	67	Pe
828	82	2024-12-08 17:00:49.05691+00	67	Pen
829	73	2024-12-08 17:01:50.711644+00	67	Ch
831	73	2024-12-08 17:01:51.272476+00	67	Cha
830	83	2024-12-08 17:01:50.944524+00	67	Char
832	73	2024-12-08 17:01:51.763575+00	67	Cha
833	73	2024-12-08 17:01:52.067236+00	67	Chai
834	73	2024-12-08 17:01:55.547672+00	67	Chair
835	85	2024-12-08 17:03:18.742246+00	67	Cu
836	85	2024-12-08 17:03:18.992892+00	67	Cup
837	85	2024-12-08 17:04:06.964416+00	67	Cu
838	85	2024-12-08 17:04:06.976384+00	67	Cup
839	85	2024-12-08 17:27:53.852675+00	62	Cu
840	85	2024-12-08 17:27:55.088371+00	62	Cup
841	85	2024-12-08 17:28:32.626706+00	62	Cu
842	85	2024-12-08 17:28:32.741861+00	62	Cup
843	\N	2024-12-08 17:29:13.406057+00	62	Oe
844	82	2024-12-08 17:29:15.822715+00	62	Pe
845	82	2024-12-08 17:29:15.821755+00	62	Pen
846	82	2024-12-08 17:29:16.140375+00	62	Pen
847	82	2024-12-08 17:29:56.773621+00	62	Pe
848	82	2024-12-08 17:29:56.761514+00	62	Pen
850	82	2024-12-08 17:30:34.928418+00	62	Pe
849	82	2024-12-08 17:30:34.940982+00	62	Pen
851	82	2024-12-08 17:30:36.144701+00	62	Pen
852	85	2024-12-08 17:32:40.412195+00	62	Cu
853	85	2024-12-08 17:32:40.498963+00	62	Cup
854	82	2024-12-08 17:33:41.891561+00	62	Pe
855	82	2024-12-08 17:33:41.975879+00	62	Pen
856	82	2024-12-08 17:33:42.861662+00	62	Pen
857	85	2024-12-08 17:39:45.158651+00	67	Cu
858	85	2024-12-08 17:39:45.183083+00	67	Cup
859	85	2024-12-08 17:40:30.17575+00	67	Cup
860	85	2024-12-08 17:40:33.777888+00	67	Cu
861	85	2024-12-08 17:41:09.249912+00	67	Cu
862	85	2024-12-08 17:41:09.253902+00	67	Cup
863	85	2024-12-08 17:41:12.976948+00	67	Cup
864	82	2024-12-08 17:43:10.99875+00	67	Pe
865	82	2024-12-08 17:43:11.234357+00	67	Pen
866	82	2024-12-08 17:43:12.789326+00	67	Pen
867	79	2024-12-08 17:43:58.093174+00	67	Fy
868	79	2024-12-08 17:43:58.886907+00	67	Fyp
869	81	2024-12-08 17:44:37.159813+00	67	De
870	81	2024-12-08 17:44:37.483891+00	67	Deco
871	81	2024-12-08 17:44:37.514151+00	67	Dec
872	81	2024-12-08 17:44:38.230544+00	67	Decoration
873	79	2024-12-08 17:45:53.649751+00	67	Fyp
874	79	2024-12-08 17:45:53.885351+00	67	Fy
875	79	2024-12-08 17:46:30.728759+00	67	Fy
876	79	2024-12-08 17:46:31.126772+00	67	Fyp
878	73	2024-12-08 18:03:23.502242+00	62	Cha
877	73	2024-12-08 18:03:23.498244+00	62	Ch
879	73	2024-12-08 18:03:24.450038+00	62	Chai
880	73	2024-12-08 18:03:24.457678+00	62	Chair
881	79	2024-12-08 18:05:18.437149+00	62	Fy
882	79	2024-12-08 18:05:18.751415+00	62	Fyp
883	79	2024-12-08 18:06:41.071387+00	62	Fy
884	79	2024-12-08 18:06:41.417979+00	62	Fyp
885	79	2024-12-08 18:11:27.414229+00	62	Fyp
886	79	2024-12-08 18:11:27.442578+00	62	Fy
888	79	2024-12-08 18:13:00.360448+00	67	Fyp
887	79	2024-12-08 18:13:00.0764+00	67	Fy
889	79	2024-12-08 18:14:32.267336+00	67	Fyp
890	79	2024-12-08 18:14:32.1905+00	67	Fy
892	79	2024-12-08 18:15:19.229362+00	67	Fyp
891	79	2024-12-08 18:15:19.25402+00	67	Fy
893	73	2024-12-08 18:17:06.037686+00	67	Ch
895	83	2024-12-08 18:17:06.369921+00	67	Char
894	73	2024-12-08 18:17:06.277786+00	67	Cha
896	83	2024-12-08 18:17:06.513175+00	67	Charg
897	83	2024-12-08 18:17:06.657781+00	67	Charge
898	83	2024-12-08 18:17:11.363186+00	67	Charger
899	73	2024-12-08 18:17:50.641558+00	67	Ch
900	73	2024-12-08 18:17:50.701402+00	67	Cha
901	83	2024-12-08 18:17:51.946982+00	67	Char
902	83	2024-12-08 18:17:52.559568+00	67	Charg
903	83	2024-12-08 18:17:53.187261+00	67	Charge
904	83	2024-12-08 18:17:55.450156+00	67	Charger
905	85	2024-12-08 18:18:27.686735+00	67	Cu
906	85	2024-12-08 18:18:27.818383+00	67	Cup
907	85	2024-12-08 18:19:10.017539+00	67	Cu
908	85	2024-12-08 18:19:10.24892+00	67	Cup
909	79	2024-12-08 18:27:58.620886+00	62	Fyp
910	79	2024-12-08 18:27:58.970898+00	62	Fy
911	\N	2024-12-08 18:28:40.954228+00	62	Ft
912	79	2024-12-08 18:28:41.870012+00	62	Fyp
913	79	2024-12-08 18:28:43.33694+00	62	Fy
914	67	2024-12-08 19:09:00.040935+00	27	ta
916	72	2024-12-08 19:09:00.055951+00	27	tabl
915	72	2024-12-08 19:09:00.051019+00	27	tab
917	72	2024-12-08 19:09:00.065027+00	27	table
918	77	2024-12-09 17:11:38.678294+00	19	Meh
919	77	2024-12-09 17:11:38.703188+00	19	Me
920	77	2024-12-09 17:11:39.04249+00	19	Mehra
921	77	2024-12-09 17:11:39.046478+00	19	Mehr
922	77	2024-12-09 17:11:39.166763+00	19	Mehran
923	79	2024-12-09 17:12:10.599756+00	19	Fy
924	79	2024-12-09 17:12:10.631718+00	19	Fyp
925	81	2024-12-09 17:41:32.03974+00	19	Dec
926	81	2024-12-09 17:41:32.680263+00	19	Decora
927	81	2024-12-09 17:41:32.759092+00	19	Deco
928	81	2024-12-09 17:41:32.981209+00	19	Decor
929	81	2024-12-09 17:41:33.396323+00	19	De
930	81	2024-12-09 17:41:36.867955+00	19	Decorat
931	\N	2024-12-09 17:41:37.017854+00	19	Decoratu
932	\N	2024-12-09 17:41:37.052233+00	19	Decoratuo
933	\N	2024-12-09 17:41:37.497383+00	19	Decoratu
934	81	2024-12-09 17:41:38.242649+00	19	Decorat
935	81	2024-12-09 17:41:41.944816+00	19	Decoration
937	73	2024-12-09 17:43:10.143385+00	62	Ch
936	73	2024-12-09 17:43:10.097157+00	62	Cha
939	73	2024-12-09 17:43:10.464734+00	62	Chai
938	73	2024-12-09 17:43:10.473937+00	62	Chair
940	73	2024-12-09 17:47:09.986913+00	62	Ch
941	77	2024-12-09 17:54:44.497236+00	62	Meh
942	77	2024-12-09 17:54:44.495073+00	62	Mehra
943	77	2024-12-09 17:54:44.498252+00	62	Mehr
944	77	2024-12-09 17:54:46.905341+00	62	Me
945	77	2024-12-09 17:54:46.906395+00	62	Mehran
946	\N	2024-12-09 17:55:59.865766+00	62	Dd
947	81	2024-12-09 17:56:03.950825+00	62	Dec
948	81	2024-12-09 17:56:03.948154+00	62	Decor
949	81	2024-12-09 17:56:06.892272+00	62	De
950	81	2024-12-09 17:56:11.423784+00	62	Deco
952	\N	2024-12-09 17:56:21.793629+00	62	Decorst
951	\N	2024-12-09 17:56:20.94597+00	62	Decors
953	81	2024-12-09 17:56:32.217658+00	62	Decoration
954	82	2024-12-09 18:01:28.049363+00	67	Pen
955	82	2024-12-09 18:01:28.050366+00	67	Pe
956	85	2024-12-09 18:02:18.034683+00	67	Cup
957	85	2024-12-09 18:02:18.399221+00	67	Cu
958	80	2024-12-09 18:05:10.043413+00	67	Pana
959	80	2024-12-09 18:05:12.892884+00	67	Panado
960	80	2024-12-09 18:05:28.841182+00	67	Pa
961	80	2024-12-09 18:05:57.872106+00	67	Panad
962	80	2024-12-09 18:06:02.792516+00	67	Pan
963	73	2024-12-09 18:09:00.632099+00	67	Ch
964	73	2024-12-09 18:09:00.640514+00	67	Chair
965	73	2024-12-09 18:09:01.394148+00	67	Cha
966	73	2024-12-09 18:09:01.397134+00	67	Chai
967	73	2024-12-09 18:09:40.175293+00	67	Chair
968	85	2024-12-09 18:13:42.327641+00	67	Cu
969	85	2024-12-09 18:13:48.888143+00	67	Cup
970	80	2024-12-09 18:17:44.996329+00	67	Pan
971	80	2024-12-09 18:17:46.617495+00	67	Pa
972	80	2024-12-09 18:17:48.754647+00	67	Panado
973	80	2024-12-09 18:17:50.503226+00	67	Panadol
974	80	2024-12-09 18:17:59.886605+00	67	Panad
975	80	2024-12-09 18:18:11.243478+00	67	Pana
976	73	2024-12-09 18:22:50.833042+00	58	Ch
977	83	2024-12-09 18:22:51.166387+00	58	Charg
978	73	2024-12-09 18:22:55.310336+00	58	Cha
979	83	2024-12-09 18:23:00.893108+00	58	Char
980	83	2024-12-09 18:23:11.866005+00	58	Charge
981	83	2024-12-09 18:23:13.885918+00	58	Charger
982	85	2024-12-09 18:27:29.98795+00	58	Cu
983	85	2024-12-09 18:27:30.460481+00	58	Cup
984	\N	2024-12-09 18:28:26.992345+00	58	Pglho
985	\N	2024-12-09 18:28:30.054687+00	58	Pg
987	\N	2024-12-09 18:28:33.030199+00	58	Pglhon
986	\N	2024-12-09 18:28:33.031244+00	58	Pgl
988	\N	2024-12-09 18:28:40.783503+00	58	Pglh
990	\N	2024-12-09 18:29:12.946055+00	58	Pglhone
989	\N	2024-12-09 18:29:12.94447+00	58	Pglhon
991	\N	2024-12-09 18:29:20.462295+00	58	Pgl
992	\N	2024-12-09 18:29:21.26264+00	58	Pg
993	70	2024-12-09 18:29:23.787486+00	58	Ph
994	70	2024-12-09 18:29:25.341058+00	58	Pho
995	70	2024-12-09 18:29:26.083548+00	58	Phon
996	\N	2024-12-09 18:29:28.957227+00	58	Pglho
997	70	2024-12-09 18:29:30.325519+00	58	Phone
998	70	2024-12-09 18:29:31.043933+00	58	Phone
999	70	2024-12-09 18:29:33.855323+00	58	Phon
1000	70	2024-12-09 18:29:35.694594+00	58	Pho
1001	70	2024-12-09 18:29:32.289809+00	58	Phone
1002	70	2024-12-09 18:29:38.665394+00	58	Go
1003	70	2024-12-09 18:29:40.49834+00	58	Goo
1004	70	2024-12-09 18:29:42.137471+00	58	Ph
1005	70	2024-12-09 18:29:45.04659+00	58	Good
1006	\N	2024-12-09 18:29:45.431209+00	58	Goodb
1007	70	2024-12-09 18:29:47.822555+00	58	Good
1008	70	2024-12-09 18:29:50.391996+00	58	Good
1009	\N	2024-12-09 18:29:51.491455+00	58	Pglh
1010	82	2024-12-09 18:54:26.178943+00	62	Pen
1011	82	2024-12-09 18:54:29.396399+00	62	Pe
1012	73	2024-12-09 18:56:07.081401+00	62	Chair
1013	81	2024-12-09 18:56:45.035209+00	62	Decoration
1014	81	2024-12-09 18:57:39.796814+00	62	Decor
1015	81	2024-12-09 18:57:40.716343+00	62	Decoration
1016	77	2024-12-09 18:59:07.157357+00	62	Mehra
1017	77	2024-12-09 18:59:07.565416+00	62	Mehran
1019	87	2024-12-09 19:02:29.699107+00	62	Camera
1018	87	2024-12-09 19:02:29.698166+00	62	Cam
1020	\N	2024-12-09 19:02:31.397394+00	62	XD amera
1021	84	2024-12-09 19:26:16.424624+00	70	Per
1022	\N	2024-12-09 19:26:17.286618+00	70	Perfime
1023	84	2024-12-09 19:26:18.379344+00	70	Perf
1024	84	2024-12-09 19:26:20.576602+00	70	Perfume
1025	85	2024-12-09 19:33:36.955093+00	71	Cup
1026	\N	2024-12-09 19:46:04.399827+00	71	Megran
1027	77	2024-12-09 19:46:05.998064+00	71	Mehran
1028	77	2024-12-09 19:46:07.271973+00	71	Me
1029	83	2024-12-11 14:53:50.453726+00	62	Char
1030	73	2024-12-11 14:53:51.28553+00	62	Chair
1031	77	2024-12-11 14:55:39.544724+00	62	Mehran
1032	88	2024-12-11 15:01:56.561584+00	62	Au
1033	88	2024-12-11 15:02:01.154206+00	62	Audionic
1034	88	2024-12-11 15:02:01.722891+00	62	Audio
1035	\N	2024-12-11 15:07:44.248776+00	19	Eaep
1036	88	2024-12-11 15:07:48.448869+00	19	Earpods
1037	88	2024-12-11 15:07:52.092344+00	19	Earpo
1038	88	2024-12-11 15:07:57.607883+00	19	Audi
1039	89	2024-12-11 15:11:21.203622+00	19	Wallet
1040	80	2024-12-11 15:15:43.680524+00	72	Panadol
1041	87	2024-12-11 15:19:46.367977+00	72	Camera
1042	89	2024-12-11 15:23:02.004564+00	19	Wallet
1043	80	2024-12-11 15:23:02.00556+00	72	Panadol
1044	87	2024-12-11 15:23:02.00556+00	72	Camera
1045	87	2024-12-11 15:55:12.163565+00	2	Camera
1046	87	2024-12-11 15:56:41.653252+00	2	Ca
1047	87	2024-12-11 15:56:42.40706+00	2	Cam
1048	87	2024-12-11 15:56:44.180607+00	2	Camera
1049	89	2024-12-11 15:59:08.231088+00	2	Wallet
1050	89	2024-12-11 15:59:08.232041+00	2	Wall
1051	89	2024-12-11 15:59:08.317041+00	2	Walle
1052	89	2024-12-11 15:59:08.317987+00	2	Wa
1053	88	2024-12-11 16:01:17.171419+00	2	Audi
1054	88	2024-12-11 16:01:18.509858+00	2	Audionic
1055	80	2024-12-11 16:04:06.981019+00	2	Pan
1056	80	2024-12-11 16:04:06.992191+00	2	Pana
1057	80	2024-12-11 16:04:07.002442+00	2	Pa
1058	80	2024-12-11 16:05:07.577508+00	2	Pa
1059	80	2024-12-11 16:05:07.698027+00	2	Pana
1060	80	2024-12-11 16:05:10.060638+00	2	Panad
1061	80	2024-12-11 16:05:10.479668+00	2	Panadol
1062	73	2024-12-11 20:14:26.292875+00	74	Cha
1063	73	2024-12-11 20:14:27.017492+00	74	Ch
1064	73	2024-12-11 20:14:28.729205+00	74	Chair
1065	73	2024-12-11 20:15:03.740277+00	74	Chai
1066	73	2024-12-11 20:15:06.610431+00	74	Chair
1067	73	2024-12-11 20:15:10.05394+00	74	Ch
1068	80	2024-12-11 20:15:16.281799+00	74	panadol
1069	80	2024-12-11 20:15:16.930441+00	74	pana
1070	80	2024-12-11 20:15:19.904813+00	74	panad
1071	\N	2024-12-12 05:36:56.057073+00	2	Auid
1072	\N	2024-12-12 05:36:56.359441+00	2	Auu
1073	88	2024-12-12 05:36:56.362434+00	2	Au
1074	88	2024-12-12 05:36:57.005516+00	2	Audi
1075	88	2024-12-12 05:36:57.283126+00	2	Audionic
1076	88	2024-12-12 05:37:00.857904+00	2	Audionic
1077	\N	2024-12-12 05:40:10.100647+00	2	Panadl
1078	80	2024-12-12 05:40:11.111842+00	2	Panadol
1079	68	2024-12-12 06:19:21.398059+00	74	lap
1080	68	2024-12-12 06:19:22.081904+00	74	laptop
1081	\N	2024-12-12 06:21:39.327856+00	74	study
1082	67	2024-12-12 06:21:40.305536+00	74	st
1083	\N	2024-12-12 06:23:20.726625+00	74	elc
1084	\N	2024-12-12 06:23:21.754697+00	74	ele
1085	\N	2024-12-12 06:23:23.359159+00	74	electronics
1086	\N	2024-12-12 06:23:30.987126+00	74	ts
1087	67	2024-12-12 06:23:33.81297+00	74	test data
1088	\N	2024-12-12 06:23:34.444412+00	74	test data 1
1089	67	2024-12-12 06:23:35.314083+00	74	test
1090	68	2024-12-12 06:23:36.925471+00	74	test data1
1091	87	2024-12-12 06:25:23.450672+00	19	Bag
1092	\N	2024-12-12 06:28:50.440547+00	19	Bah
1093	\N	2024-12-12 06:28:53.166048+00	19	Bahlg
1095	87	2024-12-12 06:28:58.168714+00	19	Bag
1094	75	2024-12-12 06:28:58.16672+00	19	Ba
1096	80	2024-12-12 06:30:25.080901+00	74	pa
1097	80	2024-12-12 06:30:28.650997+00	74	pan
1098	80	2024-12-12 06:30:29.254739+00	74	pana
1100	87	2024-12-12 06:31:25.377546+00	74	bag
1099	89	2024-12-12 06:31:19.846074+00	19	Wallet
1101	87	2024-12-12 06:32:14.737981+00	74	bag
1102	76	2024-12-12 07:35:01.594617+00	75	Screw
1103	76	2024-12-12 07:35:10.485903+00	75	Screwdri
1104	76	2024-12-12 07:35:18.733555+00	75	Screwdriver
1105	81	2025-02-09 14:11:44.481553+00	2	Deco
1106	81	2025-02-09 14:11:46.533+00	2	Decoration
1107	\N	2025-02-11 17:52:12.909197+00	76	Trst
1108	\N	2025-02-11 17:52:13.281082+00	76	Trs
1109	67	2025-02-11 17:52:14.389135+00	76	Te
1110	67	2025-02-11 17:52:14.895242+00	76	Test
1111	67	2025-02-11 17:52:34.751593+00	76	test
1112	67	2025-02-11 17:56:54.822821+00	76	Test
1113	\N	2025-02-11 17:59:35.855285+00	76	5est
1114	67	2025-02-11 17:59:37.701799+00	76	Test
1115	67	2025-02-11 18:05:21.241267+00	76	Test
1116	67	2025-02-11 18:07:24.873289+00	76	Test
1117	67	2025-02-11 19:03:30.965867+00	76	Tes
1118	67	2025-02-11 19:03:31.542101+00	76	Test
1119	67	2025-02-12 09:54:35.114063+00	76	Test
1120	67	2025-02-12 09:58:44.642747+00	76	Test
1121	67	2025-02-12 10:00:56.491123+00	76	Tes
1122	67	2025-02-12 10:00:57.323432+00	76	Test
1123	67	2025-02-12 10:03:09.101558+00	76	Test
1124	67	2025-02-12 10:05:19.930133+00	76	Tes
1125	67	2025-02-12 10:05:23.415808+00	76	Test
1126	\N	2025-02-12 10:11:17.903665+00	76	Test1
1127	67	2025-02-12 10:11:17.928948+00	76	Test
1128	67	2025-02-12 10:11:18.135799+00	76	Test
1129	67	2025-02-12 10:12:24.205738+00	76	Test
1130	\N	2025-02-12 10:21:51.798165+00	76	Test1
1131	67	2025-02-12 10:21:51.796165+00	76	Test
1132	67	2025-02-12 10:21:54.175293+00	76	Test
1133	67	2025-02-12 10:22:50.762248+00	76	Test
1134	79	2025-02-13 18:05:30.655871+00	19	Fyp
1135	67	2025-02-13 18:05:45.336321+00	76	Test
1136	67	2025-02-13 18:11:43.821634+00	76	Test
1137	96	2025-02-13 18:15:05.663411+00	2	Hb
1138	96	2025-02-13 18:15:05.909527+00	2	Hbl
1139	67	2025-02-13 18:15:36.842608+00	76	Test
1140	96	2025-02-13 18:24:21.058414+00	2	Hbl
1141	67	2025-02-13 18:33:02.337202+00	76	Test
1142	67	2025-02-13 18:33:35.674562+00	76	Test
1143	\N	2025-02-13 18:35:46.033267+00	76	Trst
1144	67	2025-02-13 18:35:46.155676+00	76	Test
1145	67	2025-02-13 18:39:26.830589+00	76	Test
1146	67	2025-02-14 12:52:11.912495+00	76	Test
1147	68	2025-02-14 13:09:19.4854+00	76	To
1148	67	2025-02-14 13:09:20.611511+00	76	Test
1149	67	2025-02-14 13:11:50.41934+00	76	Test
1150	67	2025-02-14 13:12:21.027495+00	76	Test
1151	67	2025-02-14 13:12:43.418436+00	76	Test
1152	67	2025-02-14 14:04:07.467609+00	76	Test
1153	67	2025-02-14 14:07:47.888868+00	76	Test
1154	67	2025-02-14 14:08:55.015287+00	76	Test
1155	67	2025-02-14 14:11:21.233711+00	76	Test
1156	67	2025-02-14 15:06:29.848672+00	76	Test
1157	67	2025-02-14 15:08:10.686934+00	76	Test
1158	67	2025-02-14 15:10:05.59422+00	76	Test
1159	67	2025-02-14 15:14:49.568479+00	76	Test
1160	\N	2025-02-14 15:16:05.509632+00	76	Tesr
1161	67	2025-02-14 15:16:06.377671+00	76	Tes
1162	67	2025-02-14 15:16:09.108973+00	76	Test
1163	67	2025-02-14 15:18:15.885124+00	76	Tes
1164	67	2025-02-14 15:18:16.95252+00	76	Test
1165	67	2025-02-14 15:24:32.376734+00	76	Test
1166	67	2025-02-14 15:25:10.468825+00	76	Test
1167	67	2025-02-14 15:30:27.195155+00	76	Test
1168	67	2025-02-14 15:49:56.732733+00	76	Test
1169	67	2025-02-14 15:51:00.639426+00	76	Test
1170	67	2025-02-14 15:55:08.164862+00	76	Test
1171	67	2025-02-14 15:56:56.680273+00	76	Tes
1172	67	2025-02-14 15:56:56.760298+00	76	Test
1173	67	2025-02-14 15:59:07.014744+00	76	Test
1174	67	2025-02-14 16:01:10.125718+00	76	Test
1175	67	2025-02-14 16:28:20.120515+00	76	Test
1176	67	2025-02-14 16:28:32.074191+00	76	Tes
1177	67	2025-02-14 16:28:32.861292+00	76	Test
1178	67	2025-02-14 16:29:44.596575+00	76	Test
1179	67	2025-02-14 16:35:12.603846+00	76	Test
1180	67	2025-02-14 16:36:42.687906+00	76	Test
1181	67	2025-02-14 16:48:32.454383+00	76	Test
1182	67	2025-02-14 16:58:21.402129+00	76	Test
1183	67	2025-02-14 17:01:20.980202+00	76	Test
1184	67	2025-02-14 17:02:34.193425+00	76	Test
1185	67	2025-02-14 17:12:26.270447+00	76	Test
1186	67	2025-02-14 17:14:13.629379+00	76	Test
1187	67	2025-02-14 17:21:36.890937+00	76	test
1188	67	2025-02-14 17:24:05.377603+00	76	Test
1189	67	2025-02-14 17:32:55.939781+00	76	Test
1190	67	2025-02-14 17:33:35.056551+00	76	Test
1191	67	2025-02-14 17:33:46.935496+00	76	Test
1192	67	2025-02-14 17:35:33.6795+00	76	Tes
1193	67	2025-02-14 17:54:48.601943+00	76	Test
1194	67	2025-02-14 17:57:30.792034+00	76	Test
1195	67	2025-02-14 17:57:39.33252+00	76	Te
1196	67	2025-02-14 17:57:41.777943+00	76	Tes
1197	67	2025-02-14 17:57:43.208474+00	76	Test
1198	67	2025-02-14 17:59:07.950879+00	76	Test
1199	67	2025-02-14 17:59:17.386329+00	76	Test
1200	67	2025-02-14 18:23:23.436865+00	76	Test
1201	67	2025-02-14 18:25:10.24479+00	76	Test
1202	67	2025-02-14 18:31:19.585363+00	76	Test
1203	67	2025-02-14 18:31:34.118454+00	76	Test
1204	67	2025-02-14 18:32:50.363099+00	76	Test
1205	67	2025-02-14 18:33:40.58579+00	76	Test
1206	67	2025-02-14 18:36:51.331851+00	76	Test
1207	\N	2025-02-14 18:39:20.063832+00	76	Trs
1208	\N	2025-02-14 18:39:24.664927+00	76	Trst
1209	67	2025-02-14 18:39:25.572966+00	76	Test
1210	67	2025-02-14 18:39:28.27695+00	76	Test
1211	67	2025-02-14 18:42:43.796283+00	76	Test
1212	67	2025-02-14 18:43:31.360077+00	76	Tes
1213	67	2025-02-14 18:43:31.411042+00	76	Test
1214	\N	2025-02-14 18:43:35.069176+00	76	5est
1215	67	2025-02-14 18:43:35.89545+00	76	Test
1216	\N	2025-02-14 18:46:23.969766+00	76	Trst
1217	67	2025-02-14 18:46:25.023518+00	76	Test
1218	67	2025-02-14 18:48:37.887001+00	76	Test
1219	67	2025-02-14 18:51:26.562121+00	76	Test
1220	67	2025-02-14 18:53:46.245283+00	76	Test
1221	67	2025-02-14 19:27:08.739278+00	76	Test
1222	67	2025-02-14 19:30:40.696875+00	76	Test
1223	96	2025-02-15 22:24:30.066119+00	78	hb
1224	96	2025-02-15 22:24:34.374875+00	78	hbl
1225	\N	2025-02-15 22:43:50.176418+00	78	hnl
1226	96	2025-02-15 22:43:56.868195+00	78	hbl
1227	96	2025-02-15 22:44:03.828137+00	78	hb
1228	\N	2025-02-15 22:45:36.188396+00	78	hnl
1229	96	2025-02-15 22:45:37.061167+00	78	hb
1230	96	2025-02-15 22:45:41.418926+00	78	hbl
1231	96	2025-02-15 22:47:36.726153+00	78	Hbl
1232	67	2025-02-15 22:55:14.656061+00	76	Test
1233	99	2025-02-16 12:18:20.073151+00	2	Car
1234	96	2025-02-17 17:31:54.919159+00	2	hbl
1235	\N	2025-02-19 21:16:34.763678+00	19	Ub
1236	96	2025-02-19 21:16:37.477274+00	19	Hb
1237	96	2025-02-19 21:16:37.852639+00	19	Hbl
1238	67	2025-02-24 14:23:31.782503+00	76	Test
1239	67	2025-02-24 14:24:28.828343+00	76	Test
1240	67	2025-02-24 14:25:34.684624+00	76	Test
1241	67	2025-02-24 14:39:11.883759+00	76	Test
1242	\N	2025-02-24 14:41:56.777509+00	76	Trsf
1243	67	2025-02-24 14:42:00.904352+00	76	Test
1244	67	2025-02-24 14:43:09.830436+00	76	Tes
1245	67	2025-02-24 14:43:14.088193+00	76	Test
1246	100	2025-02-24 20:38:10.520202+00	2	Head
1247	100	2025-02-24 20:39:18.658034+00	2	Head
1248	100	2025-02-24 20:39:19.627699+00	2	Headphones
1249	96	2025-02-25 09:16:57.643511+00	78	Hbl
1250	96	2025-02-28 21:20:04.823332+00	78	hb
1251	96	2025-02-28 21:20:05.144504+00	78	hbl
1252	96	2025-04-05 20:22:10.783955+00	2	Hb
1253	96	2025-04-05 20:22:11.065007+00	2	Hbl
1254	96	2025-04-13 15:09:19.116297+00	2	Hbl
1255	96	2025-04-13 15:12:31.815139+00	2	Hbl
1256	102	2025-05-11 10:13:07.585611+00	2	Fina
1257	102	2025-05-11 10:13:08.878861+00	2	Final
1258	102	2025-05-11 10:30:12.343814+00	78	Fin
1259	102	2025-05-11 10:30:13.874003+00	78	Fina
1260	102	2025-05-11 10:30:15.657398+00	78	Final
1261	102	2025-05-11 10:35:29.657288+00	78	Final
1262	96	2025-05-11 16:58:10.135947+00	91	Hb
1263	96	2025-05-11 16:58:10.634802+00	91	Hbl
1264	96	2025-05-14 16:23:48.580311+00	78	Hb
1265	96	2025-05-14 16:23:48.770082+00	78	Hbl
1266	\N	2025-05-14 16:35:32.863319+00	2	Hn
1267	96	2025-05-14 16:35:33.681663+00	2	Hbl
1268	80	2025-05-21 16:55:56.887123+00	2	Pana
1269	\N	2025-05-21 16:55:57.116083+00	2	Panasol
1270	80	2025-05-21 16:55:58.813875+00	2	Panad
1271	80	2025-05-21 16:56:00.470675+00	2	Panadol
1272	69	2025-05-23 11:10:17.320914+00	78	Book
1273	\N	2025-05-23 11:10:24.306342+00	78	Book of
1274	69	2025-05-23 11:10:25.505668+00	78	Book
\.


--
-- Data for Name: notifications_notification; Type: TABLE DATA; Schema: public; Owner: postgres
--

COPY public.notifications_notification (id, notification_type, message, reference_id, reference_type, is_read, created_at, updated_at, recipient_id, sender_id) FROM stdin;
1	approval	Your rental request for Talha test has been approved!	28	booking	t	2025-04-24 20:21:28.780743+00	2025-04-24 20:26:19.18392+00	2	78
2	request	asherasif requested to rent your Hbl	30	booking	t	2025-04-24 20:31:53.3578+00	2025-04-24 20:36:06.855858+00	2	2
3	request	asherasif requested to rent your Hbl	31	booking	f	2025-04-27 16:39:21.807672+00	2025-04-27 16:39:21.807672+00	2	2
4	request	fyp2 requested to rent your Headphones	32	booking	f	2025-04-27 16:42:31.334635+00	2025-04-27 16:42:31.334635+00	2	78
5	approval	Your rental request for Headphones has been approved!	32	booking	t	2025-04-27 16:46:20.636198+00	2025-04-27 16:46:20.636198+00	78	2
8	approval	Your rental request for Talha test has been approved!	34	booking	f	2025-04-29 22:43:52.915069+00	2025-04-29 22:43:52.915093+00	82	78
36	request	Evaluation requested to rent your Talha test	46	booking	f	2025-05-11 17:13:03.128409+00	2025-05-11 17:13:03.128409+00	78	91
18	approval	Your rental request for Headphones has been approved!	32	booking	t	2025-04-30 20:29:32.691694+00	2025-04-30 21:12:19.447045+00	78	2
6	request	fyp2 requested to rent your Talha test	33	booking	t	2025-04-27 17:04:50.919452+00	2025-04-27 17:04:50.919452+00	78	78
7	request	systemsltd requested to rent your Talha test	34	booking	t	2025-04-27 17:07:32.126199+00	2025-04-27 17:07:32.126199+00	78	82
9	approval	Your rental request for Headphones has been approved!	32	booking	t	2025-04-30 17:12:56.104941+00	2025-04-30 17:12:56.104965+00	78	2
10	approval	Your rental request for Headphones has been approved!	32	booking	t	2025-04-30 17:21:54.203677+00	2025-04-30 17:21:54.2037+00	78	2
11	approval	Your rental request for Headphones has been approved!	32	booking	t	2025-04-30 17:33:18.400316+00	2025-04-30 17:33:18.40034+00	78	2
12	approval	Your rental request for Headphones has been approved!	32	booking	t	2025-04-30 17:36:15.909426+00	2025-04-30 17:36:15.909437+00	78	2
13	approval	Your rental request for Headphones has been approved!	32	booking	t	2025-04-30 20:20:32.719233+00	2025-04-30 20:20:32.719243+00	78	2
14	approval	Your rental request for Headphones has been approved!	32	booking	t	2025-04-30 20:20:33.330571+00	2025-04-30 20:20:33.330595+00	78	2
15	approval	Your rental request for Headphones has been approved!	32	booking	t	2025-04-30 20:24:35.454686+00	2025-04-30 20:24:35.454707+00	78	2
16	approval	Your rental request for Headphones has been approved!	32	booking	t	2025-04-30 20:24:36.042093+00	2025-04-30 20:24:36.042131+00	78	2
17	approval	Your rental request for Headphones has been approved!	32	booking	t	2025-04-30 20:29:32.043027+00	2025-04-30 20:29:32.043048+00	78	2
19	rejection	Your rental request for Talha test has been rejected.	33	booking	f	2025-04-30 21:13:23.452691+00	2025-04-30 21:13:23.452699+00	78	78
20	request	fyp2 requested to rent your Hbl	35	booking	f	2025-04-30 21:14:54.427898+00	2025-04-30 21:14:54.42792+00	2	78
22	request	asherasif requested to rent your fyp2 demo	37	booking	f	2025-05-05 19:57:12.277138+00	2025-05-05 19:57:12.277138+00	78	2
21	request	fyp2 requested to rent your Hbl	36	booking	t	2025-05-01 21:55:12.806696+00	2025-05-05 20:11:59.894045+00	2	78
23	approval	Your rental request for fyp2 demo has been approved!	37	booking	f	2025-05-05 20:14:14.017333+00	2025-05-05 20:14:14.01793+00	2	78
24	request	fyp2 requested to rent your Hbl	38	booking	f	2025-05-06 00:06:25.497041+00	2025-05-06 00:06:25.497066+00	2	78
25	request	asherasif requested to rent your Final Evam	39	booking	f	2025-05-11 10:34:48.006022+00	2025-05-11 10:34:48.006022+00	2	2
26	request	asherasif requested to rent your Final Evam	40	booking	f	2025-05-11 10:36:05.366093+00	2025-05-11 10:36:05.366093+00	2	2
27	approval	Your rental request for Final Evam has been approved!	40	booking	f	2025-05-11 10:39:40.995818+00	2025-05-11 10:39:40.995818+00	2	2
28	request	fyp2 requested to rent your fyp2 demo	41	booking	f	2025-05-11 10:58:10.161423+00	2025-05-11 10:58:10.161423+00	78	78
29	approval	Your rental request for fyp2 demo has been approved!	41	booking	f	2025-05-11 11:04:39.46589+00	2025-05-11 11:04:39.46589+00	78	78
30	request	fyp2 requested to rent your Hbl	42	booking	f	2025-05-11 12:47:59.763029+00	2025-05-11 12:47:59.76307+00	2	78
31	request	fyp2 requested to rent your Testing for final fyp2 evaluation	43	booking	f	2025-05-11 13:02:26.757355+00	2025-05-11 13:02:26.757375+00	2	78
32	request	Evaluation requested to rent your Testing for final fyp2 evaluation	44	booking	f	2025-05-11 13:06:31.2425+00	2025-05-11 13:06:31.242522+00	2	91
33	approval	Your rental request for Testing for final fyp2 evaluation has been approved!	44	booking	f	2025-05-11 13:17:50.950067+00	2025-05-11 13:17:50.950092+00	91	2
34	request	Evaluation requested to rent your Hbl	45	booking	f	2025-05-11 16:59:05.107845+00	2025-05-11 16:59:05.107845+00	2	91
35	approval	Your rental request for Hbl has been approved!	45	booking	f	2025-05-11 17:01:11.097115+00	2025-05-11 17:01:11.097115+00	91	2
37	approval	Your rental request for Talha test has been approved!	46	booking	f	2025-05-11 17:16:29.108003+00	2025-05-11 17:16:29.109001+00	91	78
38	request	Evaluation requested to rent your Testing for final fyp2 evaluation	47	booking	f	2025-05-11 23:53:53.25545+00	2025-05-11 23:53:53.255474+00	2	91
39	approval	Your rental request for Testing for final fyp2 evaluation has been approved!	47	booking	f	2025-05-11 23:56:25.201274+00	2025-05-11 23:56:25.201298+00	91	2
40	request	Evaluation requested to rent your Hbl	48	booking	f	2025-05-12 00:19:57.057333+00	2025-05-12 00:19:57.057357+00	2	91
41	approval	Your rental request for Hbl has been approved!	48	booking	f	2025-05-12 00:21:37.848815+00	2025-05-12 00:21:37.848836+00	91	2
42	request	asherasif requested to rent your fyp2 demo	49	booking	f	2025-05-12 16:08:31.255959+00	2025-05-12 16:08:31.255959+00	78	2
43	approval	Your rental request for fyp2 demo has been approved!	49	booking	f	2025-05-12 16:10:53.014787+00	2025-05-12 16:10:53.014787+00	2	78
44	request	asherasif requested to rent your fyp2 demo	50	booking	f	2025-05-12 18:29:19.424822+00	2025-05-12 18:29:19.424822+00	78	2
45	approval	Your rental request for fyp2 demo has been approved!	50	booking	f	2025-05-12 18:31:40.789391+00	2025-05-12 18:31:40.789391+00	2	78
46	request	asherasif requested to rent your Test	51	booking	f	2025-05-12 18:52:50.469+00	2025-05-12 18:52:50.469+00	76	2
47	request	asherasif requested to rent your Talha test	52	booking	f	2025-05-12 18:56:26.857079+00	2025-05-12 18:56:26.858074+00	78	2
48	approval	Your rental request for Talha test has been approved!	52	booking	f	2025-05-12 18:58:52.457797+00	2025-05-12 18:58:52.457797+00	2	78
49	request	asherasif requested to rent your Talha test	53	booking	f	2025-05-12 19:10:29.321094+00	2025-05-12 19:10:29.321094+00	78	2
50	approval	Your rental request for Talha test has been approved!	53	booking	f	2025-05-12 19:13:25.807894+00	2025-05-12 19:13:25.808886+00	2	78
51	request	Evaluation requested to rent your Hbl	54	booking	f	2025-05-13 11:18:51.234857+00	2025-05-13 11:18:51.23487+00	2	91
52	approval	Your rental request for Hbl has been approved!	54	booking	f	2025-05-13 11:20:36.567346+00	2025-05-13 11:20:36.567382+00	91	2
53	request	Evaluation requested to rent your Hbl	55	booking	f	2025-05-13 16:46:43.520248+00	2025-05-13 16:46:43.520295+00	2	91
54	rejection	Your rental request for Hbl has been rejected.	55	booking	f	2025-05-13 16:49:32.428951+00	2025-05-13 16:49:32.428977+00	91	2
55	request	asherasif requested to rent your Hbl	56	booking	f	2025-05-13 16:50:38.50303+00	2025-05-13 16:50:38.503061+00	2	2
56	approval	Your rental request for Hbl has been approved!	56	booking	f	2025-05-13 16:52:57.698283+00	2025-05-13 16:52:57.698312+00	2	2
57	request	asherasif requested to rent your Hbl	57	booking	f	2025-05-13 16:58:50.369721+00	2025-05-13 16:58:50.369742+00	2	2
58	approval	Your rental request for Hbl has been approved!	57	booking	f	2025-05-13 17:00:59.050118+00	2025-05-13 17:00:59.05014+00	2	2
59	request	fyp2 requested to rent your Hbl	58	booking	f	2025-05-13 17:27:08.811837+00	2025-05-13 17:27:08.811859+00	2	78
60	approval	Your rental request for Hbl has been approved!	58	booking	f	2025-05-13 17:28:33.591081+00	2025-05-13 17:28:33.591101+00	78	2
61	request	fyp2 requested to rent your Hbl	59	booking	f	2025-05-13 17:36:49.434512+00	2025-05-13 17:36:49.434536+00	2	78
62	approval	Your rental request for Hbl has been approved!	59	booking	f	2025-05-13 17:38:14.130006+00	2025-05-13 17:38:14.130031+00	78	2
63	request	asherasif requested to rent your fyp2 demo	60	booking	f	2025-05-13 17:51:05.207913+00	2025-05-13 17:51:05.207913+00	78	2
64	approval	Your rental request for fyp2 demo has been approved!	60	booking	f	2025-05-13 17:53:24.439246+00	2025-05-13 17:53:24.439246+00	2	78
65	request	fyp2 requested to rent your Hbl	61	booking	f	2025-05-13 17:53:42.249759+00	2025-05-13 17:53:42.249784+00	2	78
66	approval	Your rental request for Hbl has been approved!	61	booking	f	2025-05-13 17:55:14.847886+00	2025-05-13 17:55:14.847912+00	78	2
67	request	fyp2 requested to rent your fyp2 demo	62	booking	f	2025-05-13 18:02:26.667622+00	2025-05-13 18:02:26.66763+00	78	78
68	approval	Your rental request for fyp2 demo has been approved!	62	booking	f	2025-05-13 18:04:19.030193+00	2025-05-13 18:04:19.030215+00	78	78
69	request	fyp2 requested to rent your fyp2 demo	63	booking	f	2025-05-13 18:16:33.331298+00	2025-05-13 18:16:33.331322+00	78	78
70	approval	Your rental request for fyp2 demo has been approved!	63	booking	f	2025-05-13 18:18:41.769376+00	2025-05-13 18:18:41.769402+00	78	78
71	request	asherasif requested to rent your fyp2 demo	64	booking	f	2025-05-13 20:19:58.377428+00	2025-05-13 20:19:58.377428+00	78	2
72	approval	Your rental request for fyp2 demo has been approved!	64	booking	f	2025-05-13 20:22:03.231704+00	2025-05-13 20:22:03.231704+00	2	78
73	request	asherasif requested to rent your Talha test	65	booking	f	2025-05-13 21:18:01.429882+00	2025-05-13 21:18:01.429882+00	78	2
74	approval	Your rental request for Talha test has been approved!	65	booking	f	2025-05-13 21:19:56.196139+00	2025-05-13 21:19:56.196139+00	2	78
75	request	asherasif requested to rent your Test	66	booking	f	2025-05-13 21:36:20.754962+00	2025-05-13 21:36:20.754962+00	76	2
76	request	asherasif requested to rent your fyp2 demo	67	booking	f	2025-05-13 21:39:11.827271+00	2025-05-13 21:39:11.827271+00	78	2
78	request	fyp2 requested to rent your Fyp2 dispute test	68	booking	f	2025-05-14 13:16:02.776722+00	2025-05-14 13:16:02.776722+00	78	78
79	approval	Your rental request for Fyp2 dispute test has been approved!	68	booking	f	2025-05-14 13:17:29.821674+00	2025-05-14 13:17:29.821674+00	78	78
77	approval	Your rental request for fyp2 demo has been approved!	67	booking	t	2025-05-13 21:41:30.496855+00	2025-05-14 16:36:38.739885+00	2	78
80	request	asherasif requested to rent your Testing for my items	69	booking	f	2025-05-14 16:44:36.956445+00	2025-05-14 16:44:36.956445+00	91	2
81	approval	Your rental request for Testing for my items has been approved!	69	booking	f	2025-05-14 16:47:43.666002+00	2025-05-14 16:47:43.666002+00	2	91
82	request	asherasif requested to rent your Fyp2 dispute test	70	booking	f	2025-05-14 18:49:55.764854+00	2025-05-14 18:49:55.764854+00	78	2
83	approval	Your rental request for Fyp2 dispute test has been approved!	70	booking	f	2025-05-14 18:52:26.97041+00	2025-05-14 18:52:26.97041+00	2	78
84	request	fyp2 requested to rent your Fyp2 dispute test	71	booking	f	2025-05-14 19:04:44.839168+00	2025-05-14 19:04:44.839168+00	78	78
85	request	asherasif requested to rent your Fyp2 dispute test	72	booking	f	2025-05-14 19:05:57.933568+00	2025-05-14 19:05:57.933568+00	78	2
86	approval	Your rental request for Fyp2 dispute test has been approved!	72	booking	f	2025-05-14 19:08:03.013306+00	2025-05-14 19:08:03.013306+00	2	78
87	request	asherasif requested to rent your Hbl	73	booking	f	2025-05-14 19:41:21.946167+00	2025-05-14 19:41:21.946167+00	2	2
88	rejection	Your rental request for Hbl has been rejected.	73	booking	f	2025-05-14 19:42:07.53818+00	2025-05-14 19:42:07.53818+00	2	2
89	request	asherasif requested to rent your Talha test	74	booking	f	2025-05-14 19:42:39.112521+00	2025-05-14 19:42:39.112521+00	78	2
90	request	asherasif requested to rent your Fyp2 dispute test	75	booking	f	2025-05-14 19:42:54.904278+00	2025-05-14 19:42:54.904278+00	78	2
91	rejection	Your rental request for Fyp2 dispute test has been rejected.	71	booking	f	2025-05-14 19:45:04.612593+00	2025-05-14 19:45:04.612593+00	78	78
92	approval	Your rental request for Fyp2 dispute test has been approved!	75	booking	f	2025-05-14 19:45:06.147165+00	2025-05-14 19:45:06.147165+00	2	78
93	approval	Your rental request for Talha test has been approved!	74	booking	f	2025-05-14 19:45:07.891127+00	2025-05-14 19:45:07.891127+00	2	78
94	request	asherasif requested to rent your Testing for dispute	76	booking	f	2025-05-14 19:53:15.449406+00	2025-05-14 19:53:15.449406+00	78	2
95	approval	Your rental request for Testing for dispute has been approved!	76	booking	f	2025-05-14 20:00:33.017728+00	2025-05-14 20:00:33.017728+00	2	78
96	request	fyp2 requested to rent your Ismails test product	77	booking	f	2025-05-14 21:29:02.408448+00	2025-05-14 21:29:02.408448+00	78	78
97	approval	Your rental request for Ismails test product has been approved!	77	booking	f	2025-05-14 21:30:46.328485+00	2025-05-14 21:30:46.328485+00	78	78
98	request	fyp2 requested to rent your Testing for my items	78	booking	f	2025-05-15 04:52:40.923199+00	2025-05-15 04:52:40.923199+00	91	78
99	request	fyp2 requested to rent your Final day test	79	booking	f	2025-05-15 05:57:53.54832+00	2025-05-15 05:57:53.54832+00	78	78
100	approval	Your rental request for Final day test has been approved!	79	booking	f	2025-05-15 05:59:24.619166+00	2025-05-15 05:59:24.619166+00	78	78
101	request	asherasif requested to rent your Fyp2 dispute test	80	booking	f	2025-05-15 06:05:30.806864+00	2025-05-15 06:05:30.806864+00	78	2
102	approval	Your rental request for Fyp2 dispute test has been approved!	80	booking	f	2025-05-15 06:07:05.032379+00	2025-05-15 06:07:05.032379+00	2	78
103	request	asherasif requested to rent your Final day test	81	booking	f	2025-05-21 17:05:48.266529+00	2025-05-21 17:05:48.266529+00	78	2
104	approval	Your rental request for Final day test has been approved!	81	booking	f	2025-05-21 17:26:35.742378+00	2025-05-21 17:26:35.742378+00	2	78
105	request	asherasif requested to rent your Ismails test product	82	booking	f	2025-05-21 18:41:22.543628+00	2025-05-21 18:41:22.543628+00	78	2
106	approval	Your rental request for Ismails test product has been approved!	82	booking	f	2025-05-21 18:46:00.947083+00	2025-05-21 18:46:00.947083+00	2	78
107	request	asherasif requested to rent your Testing for dispute	83	booking	f	2025-05-21 18:54:07.397158+00	2025-05-21 18:54:07.397158+00	78	2
108	approval	Your rental request for Testing for dispute has been approved!	83	booking	f	2025-05-21 18:56:10.879968+00	2025-05-21 18:56:10.879968+00	2	78
109	request	asherasif requested to rent your Novel for demo	84	booking	f	2025-05-22 07:34:39.396364+00	2025-05-22 07:34:39.396364+00	78	2
110	approval	Your rental request for Novel for demo has been approved!	84	booking	f	2025-05-22 07:35:52.376061+00	2025-05-22 07:35:52.376061+00	2	78
111	request	Ismail requested to rent your Latest test flow	85	booking	f	2025-05-24 08:16:14.416348+00	2025-05-24 08:16:14.416348+00	78	76
112	approval	Your rental request for Latest test flow has been approved!	85	booking	f	2025-05-24 08:18:08.907398+00	2025-05-24 08:18:08.907398+00	76	78
\.


--
-- Data for Name: payments_payment; Type: TABLE DATA; Schema: public; Owner: postgres
--

COPY public.payments_payment (id, amount, currency, status, payment_method, stripe_payment_id, created_at, updated_at, address, phone_number, booking_id, user_id) FROM stdin;
1	150.00	AED	pending	stripe	\N	2025-04-20 23:30:07.432124+00	2025-04-20 23:30:07.438433+00	\N	\N	\N	1
2	15000.00	aed	pending	cash	\N	2025-04-20 23:42:42.514397+00	2025-04-20 23:42:42.514855+00	123 Test St, City	+923001234567	\N	2
3	1500.00	aed	pending	cash	\N	2025-04-20 23:44:45.4297+00	2025-04-20 23:44:45.430123+00	123 Test St, City	+923001234567	\N	2
4	1500.00	PKR	pending	stripe	\N	2025-04-21 21:13:53.699137+00	2025-04-21 21:13:53.702192+00	\N	\N	\N	1
5	1500.00	PKR	pending	cash_on_delivery	\N	2025-04-29 22:43:51.206172+00	2025-04-29 22:43:51.207594+00	123 Test Street, City	+923001234567	34	78
6	300.00	PKR	pending	cash_on_delivery	\N	2025-04-30 17:12:54.462711+00	2025-04-30 17:12:54.463297+00	white palace 	03002139869	32	78
7	300.00	PKR	pending	cash_on_delivery	\N	2025-04-30 17:21:52.681213+00	2025-04-30 17:21:52.681594+00	white palace 	03002139869	32	78
8	300.00	PKR	pending	cash_on_delivery	\N	2025-04-30 17:33:16.8568+00	2025-04-30 17:33:16.857239+00	Abc	03018289018	32	78
9	300.00	PKR	pending	cash_on_delivery	\N	2025-04-30 17:36:14.421717+00	2025-04-30 17:36:14.421866+00	Talha test	03018289018	32	78
10	300.00	AED	completed	cash_on_delivery	\N	2025-04-30 20:20:30.878093+00	2025-04-30 20:20:30.884287+00	Xyz	03018289018	32	78
11	300.00	AED	completed	cash_on_delivery	\N	2025-04-30 20:24:33.850428+00	2025-04-30 20:24:33.850599+00	Test2	3194949	32	78
12	300.00	AED	completed	cash_on_delivery	\N	2025-04-30 20:29:30.467093+00	2025-04-30 20:29:30.467421+00	Xyz	31649	32	78
13	300.00	AED	pending	credit_card	pi_3RKPefRtKBQD1kzP0WA8QZLs	2025-05-02 19:53:54.661392+00	2025-05-02 19:53:55.331341+00	\N	\N	32	78
14	300.00	AED	pending	credit_card	pi_3RKPqwRtKBQD1kzP0fU1DihS	2025-05-02 20:06:35.706154+00	2025-05-02 20:06:36.320881+00	\N	\N	32	78
15	300.00	AED	pending	credit_card	pi_3RKPsoRtKBQD1kzP0ve8MRgh	2025-05-02 20:08:32.27197+00	2025-05-02 20:08:32.89168+00	\N	\N	32	78
16	300.00	AED	pending	credit_card	pi_3RKQIMRtKBQD1kzP0oiUvZ4A	2025-05-02 20:34:56.082239+00	2025-05-02 20:34:56.72193+00	\N	\N	32	78
17	300.00	AED	completed	credit_card	pi_3RKQW6RtKBQD1kzP0WgwNDZf	2025-05-02 20:49:07.849139+00	2025-05-02 20:49:14.402199+00	\N	\N	32	78
18	300.00	AED	completed	credit_card	pi_3RL49ARtKBQD1kzP1JHDVJgl	2025-05-04 15:08:05.448618+00	2025-05-04 15:08:12.138462+00	\N	\N	32	78
19	300.00	AED	pending	credit_card	pi_3RLV9tRpayPooXUm16KxZrlM	2025-05-05 19:58:37.697636+00	2025-05-05 19:58:38.299169+00	\N	\N	32	2
20	300.00	AED	completed	cash_on_delivery	\N	2025-05-05 19:59:01.622157+00	2025-05-05 19:59:01.622699+00	Hjh	99	32	2
21	300.00	AED	pending	credit_card	pi_3RLVBjRpayPooXUm0ucgeazq	2025-05-05 20:00:32.343439+00	2025-05-05 20:00:32.897147+00	\N	\N	32	2
22	300.00	AED	pending	credit_card	pi_3RLVDLRpayPooXUm0AmZbgpR	2025-05-05 20:02:12.61896+00	2025-05-05 20:02:13.15287+00	\N	\N	32	2
23	300.00	AED	pending	credit_card	pi_3RLVGxRpayPooXUm1B6dyB1i	2025-05-05 20:05:55.968868+00	2025-05-05 20:05:56.525637+00	\N	\N	32	2
24	300.00	AED	pending	credit_card	pi_3RLVHqRpayPooXUm1L05NlB7	2025-05-05 20:06:51.225956+00	2025-05-05 20:06:51.771809+00	\N	\N	32	2
25	300.00	AED	pending	credit_card	pi_3RLVJERpayPooXUm0t5fsNNg	2025-05-05 20:08:17.110243+00	2025-05-05 20:08:17.674986+00	\N	\N	32	2
26	300.00	AED	pending	credit_card	pi_3RLVJvRpayPooXUm0ehXb3VB	2025-05-05 20:08:59.922031+00	2025-05-05 20:09:00.485789+00	\N	\N	32	2
27	300.00	AED	completed	credit_card	pi_3RLVQhRtKBQD1kzP0I1L24Ub	2025-05-05 20:16:00.921267+00	2025-05-05 20:16:07.798697+00	\N	\N	32	78
28	300.00	AED	pending	credit_card	pi_3RLVT4RpayPooXUm1P0XGfxu	2025-05-05 20:18:26.565155+00	2025-05-05 20:18:27.204072+00	\N	\N	32	2
29	300.00	AED	completed	cash_on_delivery	\N	2025-05-05 20:18:53.076726+00	2025-05-05 20:18:53.077114+00	White palave	03018289018	32	78
30	300.00	AED	completed	cash_on_delivery	\N	2025-05-05 20:18:58.5561+00	2025-05-05 20:18:58.556297+00	White palave	03018289018	32	78
31	300.00	AED	pending	credit_card	pi_3RLVWGRpayPooXUm0Wo0Eu5s	2025-05-05 20:21:45.434078+00	2025-05-05 20:21:46.026385+00	\N	\N	32	2
32	300.00	AED	pending	credit_card	pi_3RLVbdRpayPooXUm00gCTNMm	2025-05-05 20:27:18.538669+00	2025-05-05 20:27:19.166539+00	\N	\N	32	2
33	300.00	AED	completed	cash_on_delivery	\N	2025-05-05 20:27:48.004671+00	2025-05-05 20:27:48.00666+00	Asfhhdhfgjgjfhh	23232323233	32	2
34	300.00	AED	completed	credit_card	pi_3RLpwDRtKBQD1kzP1XywtTAe	2025-05-06 18:09:55.974524+00	2025-05-06 18:10:03.664141+00	\N	\N	32	2
35	300.00	AED	completed	cash_on_delivery	\N	2025-05-06 18:10:32.118103+00	2025-05-06 18:10:32.119129+00	H	3	32	2
36	300.00	AED	completed	credit_card	pi_3RLqg0RtKBQD1kzP0bBzJhy8	2025-05-06 18:57:15.084354+00	2025-05-06 18:57:21.111582+00	\N	\N	32	2
37	300.00	AED	completed	credit_card	pi_3RLrQIRtKBQD1kzP1LuWBCj8	2025-05-06 19:45:03.190632+00	2025-05-06 19:45:09.803343+00	\N	\N	32	78
38	300.00	AED	pending	credit_card	pi_3RNDUoRtKBQD1kzP1eHiKawu	2025-05-10 13:31:20.179468+00	2025-05-10 13:31:21.192348+00	\N	\N	32	78
39	300.00	AED	pending	credit_card	pi_3RNFJgRtKBQD1kzP1hjFdAY1	2025-05-10 15:27:58.722376+00	2025-05-10 15:27:59.405207+00	\N	\N	32	78
40	300.00	AED	completed	credit_card	pi_3RNFOYRtKBQD1kzP0h2jlXBh	2025-05-10 15:33:01.084653+00	2025-05-10 15:33:07.578675+00	\N	\N	32	78
41	300.00	AED	completed	credit_card	pi_3RNFbqRtKBQD1kzP0PYGEYjA	2025-05-10 15:46:44.443922+00	2025-05-10 15:46:51.22152+00	\N	\N	32	78
42	300.00	AED	completed	credit_card	pi_3RNFyBRtKBQD1kzP1ZkpO581	2025-05-10 16:09:50.174227+00	2025-05-10 16:09:57.855139+00	\N	\N	32	78
43	300.00	AED	completed	credit_card	pi_3RNMSzRtKBQD1kzP0GOqf5A1	2025-05-10 23:06:02.382988+00	2025-05-10 23:06:08.714302+00	\N	\N	32	78
44	300.00	AED	completed	credit_card	pi_3RNMVkRtKBQD1kzP18vg5j5x	2025-05-10 23:08:53.364523+00	2025-05-10 23:08:59.836579+00	\N	\N	32	78
48	300.00	AED	completed	credit_card	pi_3RNN21RtKBQD1kzP1qaM0Gnh	2025-05-10 23:42:14.654982+00	2025-05-10 23:42:20.984706+00	\N	\N	32	78
46	300.00	AED	pending	credit_card	pi_3RNMpkRtKBQD1kzP0kt5IRa1	2025-05-10 23:29:33.19498+00	2025-05-10 23:29:33.820951+00	\N	\N	32	78
45	300.00	AED	completed	credit_card	pi_3RNMpARtKBQD1kzP0owsB6Op	2025-05-10 23:28:57.298594+00	2025-05-10 23:29:39.010068+00	\N	\N	32	78
47	300.00	AED	completed	credit_card	pi_3RNMwDRtKBQD1kzP0UwqJ5Yv	2025-05-10 23:36:13.708627+00	2025-05-10 23:36:20.064897+00	\N	\N	32	78
49	300.00	AED	completed	credit_card	pi_3RNN6bRtKBQD1kzP1jHvMEwD	2025-05-10 23:46:58.347539+00	2025-05-10 23:47:05.024026+00	\N	\N	32	78
50	300.00	AED	completed	credit_card	pi_3RNX0DRtKBQD1kzP11kEAnlQ	2025-05-11 10:21:04.027259+00	2025-05-11 10:21:10.55598+00	\N	\N	32	2
51	300.00	AED	completed	credit_card	pi_3RNZzERtKBQD1kzP000Z8wVQ	2025-05-11 13:32:14.672679+00	2025-05-11 13:32:20.759081+00	\N	\N	32	91
52	300.00	AED	completed	credit_card	pi_3RNaAORtKBQD1kzP1sRQKr3I	2025-05-11 13:43:44.786439+00	2025-05-11 13:43:51.30167+00	\N	\N	32	91
53	300.00	AED	completed	credit_card	pi_3RNapTRtKBQD1kzP1Vx07X2k	2025-05-11 14:26:11.563087+00	2025-05-11 14:26:18.536617+00	\N	\N	32	91
54	300.00	AED	completed	cash_on_delivery	\N	2025-05-11 15:58:11.714829+00	2025-05-11 15:58:11.724696+00	Hhh	699	32	2
55	300.00	AED	completed	cash_on_delivery	\N	2025-05-11 16:00:06.787094+00	2025-05-11 16:00:06.788263+00	Hhh	699	32	2
56	300.00	AED	pending	credit_card	pi_3RNcjaRtKBQD1kzP12cWOqKJ	2025-05-11 16:28:16.310193+00	2025-05-11 16:28:16.873562+00	\N	\N	32	2
57	300.00	AED	completed	credit_card	pi_3RNcjkRtKBQD1kzP1xDSH31f	2025-05-11 16:28:26.765533+00	2025-05-11 16:28:38.069275+00	\N	\N	32	2
70	4000.00	AED	completed	credit_card	pi_3RNj6ZRtKBQD1kzP1oBPVSWc	2025-05-11 23:16:24.519945+00	2025-05-11 23:16:30.743314+00	\N	\N	44	91
58	300.00	AED	completed	credit_card	pi_3RNczPRtKBQD1kzP03W24YJJ	2025-05-11 16:44:37.798089+00	2025-05-11 16:44:43.884723+00	\N	\N	32	2
59	300.00	AED	completed	credit_card	pi_3RNdGmRtKBQD1kzP1DGeslHs	2025-05-11 17:02:35.103132+00	2025-05-11 17:02:41.05685+00	\N	\N	32	91
60	300.00	AED	completed	credit_card	pi_3RNdHLRtKBQD1kzP1aS2CxV0	2025-05-11 17:03:10.042903+00	2025-05-11 17:03:15.55505+00	\N	\N	32	91
71	600.00	AED	completed	credit_card	pi_3RNj8ZRtKBQD1kzP15WtZ6dZ	2025-05-11 23:18:27.947468+00	2025-05-11 23:18:34.296171+00	\N	\N	45	91
61	300.00	AED	pending	credit_card	pi_3RNdM1RtKBQD1kzP17vPqSIC	2025-05-11 17:07:59.866479+00	2025-05-11 17:08:00.439748+00	\N	\N	32	91
62	300.00	AED	completed	credit_card	pi_3RNdMERtKBQD1kzP1HiLDXPf	2025-05-11 17:08:12.224773+00	2025-05-11 17:08:17.799113+00	\N	\N	32	91
63	4000.00	AED	completed	credit_card	pi_3RNdTSRtKBQD1kzP1j3h7v2W	2025-05-11 17:15:38.896633+00	2025-05-11 17:15:45.922454+00	\N	\N	44	91
72	600.00	AED	completed	credit_card	pi_3RNje8RtKBQD1kzP1aC3NczP	2025-05-11 23:51:05.036178+00	2025-05-11 23:51:12.204729+00	\N	\N	45	91
64	300.00	AED	completed	credit_card	pi_3RNdVmRtKBQD1kzP0Q9RUi1D	2025-05-11 17:18:04.580298+00	2025-05-11 17:18:10.931656+00	\N	\N	32	91
65	4000.00	AED	completed	credit_card	pi_3RNf2qRtKBQD1kzP0eoo18WP	2025-05-11 18:56:17.327194+00	2025-05-11 18:56:23.997482+00	\N	\N	44	91
66	200.00	AED	completed	credit_card	pi_3RNfC8RtKBQD1kzP12eBisCA	2025-05-11 19:05:53.581505+00	2025-05-11 19:06:00.017655+00	\N	\N	46	91
73	200.00	AED	completed	credit_card	pi_3RNjexRtKBQD1kzP06CDjMwa	2025-05-11 23:51:56.155284+00	2025-05-11 23:52:02.648691+00	\N	\N	46	91
67	200.00	AED	completed	credit_card	pi_3RNfDsRtKBQD1kzP0LC1MY67	2025-05-11 19:07:40.908561+00	2025-05-11 19:07:48.143463+00	\N	\N	46	91
68	600.00	AED	completed	credit_card	pi_3RNfKYRtKBQD1kzP1QebykKJ	2025-05-11 19:14:34.667235+00	2025-05-11 19:14:41.686173+00	\N	\N	45	91
69	600.00	AED	completed	credit_card	pi_3RNfWARtKBQD1kzP1H6YhrZC	2025-05-11 19:26:34.806484+00	2025-05-11 19:26:42.233718+00	\N	\N	45	91
74	5000.00	AED	completed	credit_card	pi_3RNjl7RtKBQD1kzP0PW0DJQy	2025-05-11 23:58:18.640824+00	2025-05-11 23:58:25.124381+00	\N	\N	47	91
75	1200.00	AED	completed	credit_card	pi_3RNk9PRtKBQD1kzP1JPYP5F6	2025-05-12 00:23:24.031756+00	2025-05-12 00:23:31.149411+00	\N	\N	48	91
76	1200.00	AED	completed	credit_card	pi_3RNkUHRtKBQD1kzP1SmCrqjl	2025-05-12 00:44:57.838422+00	2025-05-12 00:45:04.362323+00	\N	\N	48	91
77	300.00	AED	completed	credit_card	pi_3RNyyURtKBQD1kzP1NrdDGc3	2025-05-12 16:13:09.08964+00	2025-05-12 16:13:15.614296+00	\N	\N	32	2
78	2000.00	AED	completed	credit_card	pi_3RO1AgRtKBQD1kzP04Ier42M	2025-05-12 18:33:52.491609+00	2025-05-12 18:33:58.548198+00	\N	\N	50	2
79	200.00	AED	completed	credit_card	pi_3RO1asRtKBQD1kzP1qHYrVRk	2025-05-12 19:00:56.879505+00	2025-05-12 19:01:04.323665+00	\N	\N	52	2
80	200.00	AED	completed	credit_card	pi_3RO1olRtKBQD1kzP1vIcvMlL	2025-05-12 19:15:17.358445+00	2025-05-12 19:15:24.312892+00	\N	\N	53	2
81	1200.00	AED	completed	credit_card	pi_3ROGoORtKBQD1kzP1K2y9yeI	2025-05-13 11:15:55.044977+00	2025-05-13 11:16:02.323047+00	\N	\N	48	91
82	600.00	AED	completed	credit_card	pi_3ROGpmRtKBQD1kzP0A8QWrl8	2025-05-13 11:17:20.65056+00	2025-05-13 11:17:27.139028+00	\N	\N	45	91
83	1000.00	AED	completed	credit_card	pi_3ROGu4RtKBQD1kzP1BsNVoUZ	2025-05-13 11:21:46.817711+00	2025-05-13 11:21:53.449848+00	\N	\N	54	91
84	2000.00	AED	completed	credit_card	pi_3ROKy1RtKBQD1kzP0uSceBmm	2025-05-13 15:42:07.473754+00	2025-05-13 15:42:13.881853+00	\N	\N	41	78
85	400.00	AED	completed	credit_card	pi_3ROL35RtKBQD1kzP0g2RsT8c	2025-05-13 15:47:21.875719+00	2025-05-13 15:47:28.138512+00	\N	\N	14	78
86	300.00	AED	completed	credit_card	pi_3ROLU8RtKBQD1kzP1E3F8rJv	2025-05-13 16:15:18.643859+00	2025-05-13 16:15:25.18625+00	\N	\N	32	78
87	1500.00	AED	completed	credit_card	pi_3ROMXLRtKBQD1kzP0jK4UL4X	2025-05-13 17:22:41.688691+00	2025-05-13 17:22:48.611149+00	\N	\N	41	92
88	2000.00	AED	completed	credit_card	pi_3RONXURtKBQD1kzP1OCIwPCG	2025-05-13 18:26:54.383715+00	2025-05-13 18:27:00.838499+00	\N	\N	60	78
89	3000.00	AED	completed	credit_card	pi_3RONgrRtKBQD1kzP0MzrvxYb	2025-05-13 18:36:34.030876+00	2025-05-13 18:36:40.156258+00	\N	\N	63	78
90	3000.00	AED	completed	credit_card	pi_3ROP0tRpayPooXUm1KYPzQZW	2025-05-13 20:01:18.135535+00	2025-05-13 20:01:25.115236+00	\N	\N	63	78
91	600.00	AED	completed	credit_card	pi_3ROP5ARpayPooXUm1pDMINCY	2025-05-13 20:05:43.32352+00	2025-05-13 20:05:49.180212+00	\N	\N	2	78
92	600.00	AED	completed	credit_card	pi_3ROPE0RpayPooXUm1S6EsY1o	2025-05-13 20:14:50.7329+00	2025-05-13 20:14:57.079527+00	\N	\N	11	78
93	2000.00	AED	completed	credit_card	pi_3ROPN6RtKBQD1kzP1bjqs9Oc	2025-05-13 20:24:16.99657+00	2025-05-13 20:24:23.663715+00	\N	\N	64	2
94	200.00	AED	completed	credit_card	pi_3ROQGaRtKBQD1kzP1EXdeD0R	2025-05-13 21:21:37.432432+00	2025-05-13 21:21:44.720086+00	\N	\N	65	2
95	200.00	AED	completed	cash_on_delivery	\N	2025-05-13 21:23:51.097825+00	2025-05-13 21:23:51.098861+00	F	6	65	2
96	200.00	AED	completed	credit_card	pi_3ROQJ8RtKBQD1kzP03Pcbx18	2025-05-13 21:24:14.741297+00	2025-05-13 21:24:20.893893+00	\N	\N	65	2
97	2000.00	AED	completed	credit_card	pi_3ROQdfRtKBQD1kzP0PTmwfDH	2025-05-13 21:45:28.598995+00	2025-05-13 21:45:35.213987+00	\N	\N	67	2
98	3000.00	AED	completed	credit_card	pi_3ROfCxRtKBQD1kzP1fWF6JEg	2025-05-14 13:18:53.637628+00	2025-05-14 13:18:59.964749+00	\N	\N	68	78
99	3000.00	AED	completed	cash_on_delivery	\N	2025-05-14 16:27:03.667484+00	2025-05-14 16:27:03.673144+00	White palace	03018289018	68	78
100	3000.00	AED	completed	cash_on_delivery	\N	2025-05-14 16:27:22.175159+00	2025-05-14 16:27:22.175159+00	White palace	03018289018	68	78
105	3000.00	AED	completed	cash_on_delivery	\N	2025-05-14 18:46:53.12911+00	2025-05-14 18:46:53.12911+00	White palace	03018289018	68	78
102	3000.00	AED	pending	credit_card	pi_3ROiApRtKBQD1kzP1A3oNGee	2025-05-14 16:28:53.431523+00	2025-05-14 16:28:54.078485+00	\N	\N	68	78
101	3000.00	AED	completed	credit_card	pi_3ROi9vRtKBQD1kzP0CdirygF	2025-05-14 16:27:57.352382+00	2025-05-14 16:29:00.680887+00	\N	\N	68	78
103	1000.00	AED	completed	credit_card	pi_3ROiVnRtKBQD1kzP1kD6C5kY	2025-05-14 16:50:34.377039+00	2025-05-14 16:50:44.8712+00	\N	\N	69	2
104	3000.00	AED	completed	cash_on_delivery	\N	2025-05-14 18:46:29.520007+00	2025-05-14 18:46:29.525745+00	White palace	03018289018	68	78
106	3000.00	AED	completed	cash_on_delivery	\N	2025-05-14 18:50:36.395316+00	2025-05-14 18:50:36.395316+00	White palace	03018289018	68	78
108	3000.00	AED	pending	credit_card	pi_3ROkPZRtKBQD1kzP1A0nQXJN	2025-05-14 18:52:15.914738+00	2025-05-14 18:52:16.587995+00	\N	\N	68	78
107	3000.00	AED	completed	credit_card	pi_3ROkOqRtKBQD1kzP1sLYxLVT	2025-05-14 18:51:30.857274+00	2025-05-14 18:52:22.243042+00	\N	\N	68	78
110	2000.00	AED	completed	credit_card	pi_3ROkRnRtKBQD1kzP0ouyO45U	2025-05-14 18:54:33.954564+00	2025-05-14 18:54:41.490124+00	\N	\N	70	2
109	300.00	AED	completed	credit_card	pi_3ROkRSRtKBQD1kzP1DR9XdkM	2025-05-14 18:54:12.823747+00	2025-05-14 18:55:34.247166+00	\N	\N	32	78
111	300.00	AED	pending	credit_card	pi_3ROkSfRtKBQD1kzP1dhhdWfj	2025-05-14 18:55:28.112261+00	2025-05-14 18:55:28.775817+00	\N	\N	32	78
112	2000.00	AED	completed	cash_on_delivery	\N	2025-05-14 19:10:48.560286+00	2025-05-14 19:10:48.560286+00	White palace 	03018289018	72	78
113	2000.00	AED	completed	credit_card	pi_3ROki9RtKBQD1kzP18SEW1LU	2025-05-14 19:11:27.602056+00	2025-05-14 19:11:34.857854+00	\N	\N	72	2
114	200.00	AED	completed	credit_card	pi_3ROlGZRtKBQD1kzP0gIFsVaM	2025-05-14 19:47:01.155738+00	2025-05-14 19:47:07.944615+00	\N	\N	74	2
115	1000.00	AED	completed	cash_on_delivery	\N	2025-05-14 20:02:15.246273+00	2025-05-14 20:02:15.25504+00	White palace 	03018289018	76	2
116	3000.00	AED	completed	credit_card	pi_3ROmEYRtKBQD1kzP09d8zJ6D	2025-05-14 20:48:59.05632+00	2025-05-14 20:49:05.235892+00	\N	\N	68	78
117	3000.00	AED	completed	credit_card	pi_3ROmJERtKBQD1kzP0WZNu7m5	2025-05-14 20:53:49.197879+00	2025-05-14 20:53:55.384575+00	\N	\N	68	78
118	7000.00	AED	completed	credit_card	pi_3ROmxKRpayPooXUm0IETBnpS	2025-05-14 21:35:14.699486+00	2025-05-14 21:35:20.119752+00	\N	\N	77	76
119	2000.00	AED	completed	credit_card	pi_3ROv0yRtKBQD1kzP1zHPIJNd	2025-05-15 06:11:33.336148+00	2025-05-15 06:11:40.684859+00	\N	\N	80	2
120	1000.00	AED	completed	credit_card	pi_3RRGShRtKBQD1kzP0NASMnWG	2025-05-21 17:29:52.503243+00	2025-05-21 17:30:00.120527+00	\N	\N	81	2
121	10500.00	AED	completed	credit_card	pi_3RRHgYRtKBQD1kzP0EfLoUlP	2025-05-21 18:48:15.19186+00	2025-05-21 18:48:21.294562+00	\N	\N	82	2
122	1500.00	AED	completed	credit_card	pi_3RRHqVRtKBQD1kzP0C9EU8LO	2025-05-21 18:58:32.097948+00	2025-05-21 18:58:38.947102+00	\N	\N	83	2
123	1000.00	AED	completed	credit_card	pi_3RRTi9RpayPooXUm0tMJuU7G	2025-05-22 07:38:42.803001+00	2025-05-22 07:38:51.676282+00	\N	\N	84	2
124	750.00	AED	completed	credit_card	pi_3RSDJQRpayPooXUm1JvESaOJ	2025-05-24 08:20:13.294299+00	2025-05-24 08:20:19.083534+00	\N	\N	85	76
\.


--
-- Data for Name: recommendations_recommendation; Type: TABLE DATA; Schema: public; Owner: postgres
--

COPY public.recommendations_recommendation (id, recommended_items, algorithm_used, created_at, user_id) FROM stdin;
1	[18, 20, 12, 42, 33]	Mock Algorithm	2024-11-25 11:08:11.475745+00	1
2	[35, 41, 6, 39, 23]	Mock Algorithm	2024-11-25 11:08:13.311744+00	2
3	[39, 2, 11, 18, 28]	Mock Algorithm	2024-11-25 11:08:15.050695+00	3
4	[4, 25, 41, 24, 1]	Mock Algorithm	2024-11-25 11:08:16.764784+00	4
5	[29, 14, 42, 11, 34]	Mock Algorithm	2024-11-25 11:08:18.463947+00	5
6	[36, 8, 1, 27, 33]	Mock Algorithm	2024-11-25 11:08:20.200782+00	6
7	[23, 3, 13, 22, 31]	Mock Algorithm	2024-11-25 11:08:21.895448+00	7
8	[12, 33, 35, 42, 5]	Mock Algorithm	2024-11-25 11:08:23.60628+00	8
9	[39, 19, 36, 5, 21]	Mock Algorithm	2024-11-25 11:08:26.016862+00	9
10	[7, 4, 42, 35, 19]	Mock Algorithm	2024-11-25 11:08:27.730905+00	10
11	[11, 13, 37, 6, 27]	Mock Algorithm	2024-11-25 11:08:29.48441+00	11
12	[23, 37, 40, 15, 13]	Mock Algorithm	2024-11-25 11:08:31.49622+00	12
13	[39, 3, 15, 36, 4]	Mock Algorithm	2024-11-25 11:08:33.52968+00	13
14	[23, 31, 2, 38, 41]	Mock Algorithm	2024-11-25 11:08:35.217801+00	14
15	[17, 35, 7, 4, 26]	Mock Algorithm	2024-11-25 11:08:37.131126+00	15
16	[21, 34, 16, 22, 28]	Mock Algorithm	2024-11-25 11:08:39.424255+00	16
17	[26, 4, 16, 17, 18]	Mock Algorithm	2024-11-25 11:08:41.259076+00	17
18	[11, 7, 42, 36, 9]	Mock Algorithm	2024-11-25 11:08:42.965065+00	18
19	[39, 43, 17, 37, 18]	Mock Algorithm	2024-11-25 11:08:44.708856+00	19
20	[36, 20, 37, 8, 17]	Mock Algorithm	2024-11-25 11:08:46.450682+00	20
21	[2, 27, 11, 9, 34]	Mock Algorithm	2024-11-25 11:08:48.227667+00	21
22	[24, 18, 34, 36, 40]	Mock Algorithm	2024-11-25 11:08:49.916307+00	22
23	[4, 36, 19, 14, 39]	Mock Algorithm	2024-11-25 11:08:51.648016+00	23
24	[27, 6, 4, 19, 29]	Mock Algorithm	2024-11-25 11:08:53.365786+00	24
25	[35, 38, 16, 17, 40]	Mock Algorithm	2024-11-25 11:08:55.063049+00	25
26	[32, 15, 30, 16, 7]	Mock Algorithm	2024-11-25 11:08:56.818445+00	26
27	[26, 17, 39, 31, 9]	Mock Algorithm	2024-11-25 11:08:58.534428+00	27
28	[23, 7, 17, 40, 32]	Mock Algorithm	2024-11-25 11:09:00.318341+00	40
29	[28, 2, 25, 31, 37]	Mock Algorithm	2024-11-25 11:09:02.011763+00	41
30	[32, 3, 18, 6, 28]	Mock Algorithm	2024-11-25 11:09:03.715311+00	42
31	[36, 19, 31, 25, 41]	Mock Algorithm	2024-11-25 11:09:05.473917+00	43
32	[5, 4, 36, 17, 22]	Mock Algorithm	2024-11-25 11:09:07.860995+00	44
33	[34, 43, 20, 5, 13]	Mock Algorithm	2024-11-25 11:09:09.559125+00	29
34	[23, 22, 28, 24, 19]	Mock Algorithm	2024-11-25 11:09:11.282936+00	45
35	[10, 27, 26, 36, 29]	Mock Algorithm	2024-11-25 11:09:12.982293+00	28
36	[25, 23, 2, 41, 13]	Mock Algorithm	2024-11-25 11:09:14.682729+00	30
37	[15, 14, 32, 11, 20]	Mock Algorithm	2024-11-25 11:09:16.396317+00	31
38	[33, 36, 21, 32, 38]	Mock Algorithm	2024-11-25 11:09:18.088409+00	32
39	[29, 20, 38, 11, 42]	Mock Algorithm	2024-11-25 11:09:19.864752+00	33
40	[35, 16, 13, 33, 39]	Mock Algorithm	2024-11-25 11:09:21.549902+00	34
41	[22, 31, 39, 13, 27]	Mock Algorithm	2024-11-25 11:09:23.289118+00	35
42	[36, 13, 6, 35, 1]	Mock Algorithm	2024-11-25 11:09:25.310049+00	36
43	[21, 24, 23, 34, 28]	Mock Algorithm	2024-11-25 11:09:27.002057+00	37
44	[36, 31, 42, 14, 28]	Mock Algorithm	2024-11-25 11:09:28.709022+00	38
45	[43, 16, 18, 22, 27]	Mock Algorithm	2024-11-25 11:09:30.411144+00	39
46	[38, 1, 33, 6, 37]	Mock Algorithm	2024-11-25 11:09:32.121624+00	46
47	[21, 14, 1, 38, 5]	Mock Algorithm	2024-11-25 11:09:33.809539+00	47
48	[4, 31, 38, 14, 20]	Mock Algorithm	2024-11-25 11:09:35.492347+00	48
49	[15, 25, 35, 8, 11]	Mock Algorithm	2024-11-25 11:09:37.25113+00	49
50	[{"id": 80, "image": "/media/items/IMG-20241204-WA0009.jpg", "price": 100.0, "title": "Panadol", "category": "Health and Wellness", "description": "Premium Tablet", "final_score": 0.6310354549946892}, {"id": 67, "image": "/media/items/electronic_W2Vzz98.jpg", "price": 5000.0, "title": "test data", "category": "Electronics", "description": "Testing sample data", "final_score": 0.5719502715566787}, {"id": 69, "image": "/media/items/books_wjbwcGm.jpg", "price": 70000.0, "title": "test data1", "category": "study material", "description": "Testing sample books", "final_score": 0.5065134813733075}, {"id": 70, "image": "/media/items/IMG-20241203-WA0001.jpg", "price": 100.0, "title": "Good old phone", "category": "Baby and Kids Items", "description": "Good phone", "final_score": 0.47018062038497305}, {"id": 102, "image": "/media/items/Screenshot_20250511-122740.png", "price": 290.0, "title": "Final Evam", "category": "Tools and Equipment", "description": "Final", "final_score": 0.4467198830255076}]	Hybrid	2025-05-23 12:36:39.956285+00	78
51	[{"id": 70, "image": "/media/items/IMG-20241203-WA0001.jpg", "price": 100.0, "title": "Good old phone", "category": "Baby and Kids Items", "description": "Good phone", "final_score": 0.6310354549946892}, {"id": 80, "image": "/media/items/IMG-20241204-WA0009.jpg", "price": 100.0, "title": "Panadol", "category": "Health and Wellness", "description": "Premium Tablet", "final_score": 0.6177950049805132}, {"id": 72, "image": "/media/items/images.jpg", "price": 100.0, "title": "Table", "category": "Home and Kitchen Appliances", "description": "Good table", "final_score": 0.5218511259600589}, {"id": 73, "image": "/media/items/images_kh47LZa.jpg", "price": 100.0, "title": "Chair", "category": "Furniture", "description": "Good", "final_score": 0.45324700695554676}, {"id": 67, "image": "/media/items/electronic_W2Vzz98.jpg", "price": 5000.0, "title": "test data", "category": "Electronics", "description": "Testing sample data", "final_score": 0.43914732038974763}]	Hybrid	2025-05-24 08:15:17.837586+00	76
\.


--
-- Data for Name: reviews_review; Type: TABLE DATA; Schema: public; Owner: postgres
--

COPY public.reviews_review (id, rating, review, created_at, item_id, user_id, overall_score) FROM stdin;
1	5	Name five yard need animal technology. Field medical sign determine stay tend for machine.	2024-11-25 10:07:28.222593+00	4	22	\N
2	2	Skill bank our myself travel. Say type blue scientist leave. Early among Republican factor.	2024-11-25 10:07:28.549059+00	11	25	\N
3	2	Country body share street out sound quickly. Cup eat direction above key fast.	2024-11-25 10:07:28.824336+00	14	31	\N
4	4	Even until house long result able perhaps leg. Six from soldier camera model per force.	2024-11-25 10:07:29.117337+00	6	19	\N
5	1	Including grow physical medical. Its wonder dog senior time.	2024-11-25 10:07:29.492338+00	3	38	\N
6	2	Yes begin kitchen reach. Security a it nearly. Company someone return laugh.	2024-11-25 10:07:29.768331+00	7	17	\N
7	3	Door term best help fly detail son. Condition trade single low yet.	2024-11-25 10:07:30.075337+00	16	2	\N
8	5	Five or serve gun position else. Democratic marriage lay agreement language TV art.	2024-11-25 10:07:30.452332+00	5	19	\N
9	4	Theory building buy. List arrive activity interest dog smile.	2024-11-25 10:07:30.738093+00	13	21	\N
10	1	Decision little take. Difficult music discover growth serve interest.	2024-11-25 10:07:31.019352+00	14	15	\N
11	5	Conference real television son art. Whatever both begin understand near own control.	2024-11-25 10:07:31.304401+00	3	34	\N
12	1	Enjoy black list. Sing reveal should difference.\nOk least enjoy onto.	2024-11-25 10:07:31.593355+00	2	22	\N
13	2	Before series team it. Include writer assume power attack nation major.	2024-11-25 10:07:31.861396+00	19	1	\N
14	5	Sit throw lay only together drug.	2024-11-25 10:07:32.156358+00	23	29	\N
15	3	Card collection light.\nName eight middle fast play high. Protect even skill dream.	2024-11-25 10:07:32.517352+00	8	10	\N
16	2	Accept hear government girl. Begin easy ahead sometimes trade right.	2024-11-25 10:07:32.799348+00	10	19	\N
17	1	Early include likely answer. Democratic four benefit debate.\nDecide shake defense throw night.	2024-11-25 10:07:33.068911+00	6	34	\N
18	1	Country theory light. Safe area bar commercial help lot.	2024-11-25 10:07:33.39419+00	18	26	\N
19	1	Appear likely around effort wind outside.	2024-11-25 10:07:33.659183+00	11	39	\N
20	3	Article money order leg west. Picture involve card red condition.	2024-11-25 10:07:33.933191+00	2	2	\N
21	5	Environment well what training necessary part.\nTax way ability network evidence develop term.	2024-11-25 10:07:34.20419+00	23	10	\N
22	2	Board card just development reality.	2024-11-25 10:07:34.470227+00	7	19	\N
23	2	Them others family. Instead rather cultural meet father experience guy. Meet back long.	2024-11-25 10:07:34.744192+00	5	35	\N
24	2	Whose early employee.\nTeacher rather religious discuss professor race individual.	2024-11-25 10:07:35.033183+00	6	18	\N
25	4	Girl keep bill mission consumer will provide wife. Movie owner parent cell.	2024-11-25 10:07:35.327884+00	8	18	\N
26	3	Great will skin build majority.	2024-11-25 10:07:35.593317+00	22	26	\N
27	1	Card me assume the. Among into manager glass deal.	2024-11-25 10:07:35.870287+00	23	32	\N
28	5	Maintain natural from east. Camera common particularly wife. Also half food pattern treat.	2024-11-25 10:07:36.140319+00	21	3	\N
29	1	Later structure town produce pull almost small size. Relate interview able.	2024-11-25 10:07:36.453283+00	12	37	\N
30	1	In respond personal. Low modern less some walk.	2024-11-25 10:07:36.722317+00	22	18	\N
31	1	Deep must will want although camera. Box such toward treat those dog trouble.	2024-11-25 11:08:01.17346+00	27	39	\N
32	4	Wonder guess thus large adult minute popular. Hair become two remain discuss item policy.	2024-11-25 11:08:01.485015+00	29	41	\N
33	4	Chair ask health son. Little tree realize let name music.	2024-11-25 11:08:01.76407+00	38	19	\N
34	5	Evening loss where lay possible such. Simple Mrs close before first per. Firm visit contain.	2024-11-25 11:08:02.042283+00	36	22	\N
35	5	Response all test baby marriage. Old enough successful. Member wide behind.	2024-11-25 11:08:02.349945+00	36	2	\N
36	3	Even eye attorney bag various democratic her. Itself medical alone cost throw impact.	2024-11-25 11:08:02.628518+00	13	20	\N
37	4	Let take he now. Long full card better represent.	2024-11-25 11:08:02.935113+00	36	11	\N
38	5	Determine everybody baby none although likely door. Window top truth candidate.	2024-11-25 11:08:03.248177+00	31	20	\N
39	2	Believe recognize plan hand sing discussion story. Man fire Congress radio reflect.	2024-11-25 11:08:03.525639+00	5	33	\N
40	2	All Congress member. Upon on whom star need report.	2024-11-25 11:08:03.806589+00	43	22	\N
41	1	Know east provide none. Kitchen economic between create ago arm.	2024-11-25 11:08:04.085107+00	5	7	\N
42	2	Hold college he save stage grow. End hand best main they. Fly it former.	2024-11-25 11:08:04.41373+00	13	13	\N
43	5	Range human example. Writer give politics ability song by. Employee energy evidence.	2024-11-25 11:08:04.705374+00	24	24	\N
44	5	Term whether high current truth challenge five. Last especially exactly finish between manage.	2024-11-25 11:08:04.988424+00	20	29	\N
45	5	Process firm western management human million box rest. Stage over week property.	2024-11-25 11:08:05.321968+00	41	16	\N
46	4	Report happen appear end available among road. Public seek note her claim.	2024-11-25 11:08:05.604658+00	31	9	\N
47	1	Very whether that suggest likely present know. For she alone way.	2024-11-25 11:08:05.881667+00	9	20	\N
48	4	Much always something strategy sort. System produce art somebody stay voice.	2024-11-25 11:08:06.160346+00	21	29	\N
49	3	Skin ever parent author. Stage nation its same.	2024-11-25 11:08:06.515032+00	29	14	\N
50	4	Age woman join born before community resource. Write hour million.	2024-11-25 11:08:06.791489+00	35	35	\N
51	2	Focus head oil fact shake walk natural. Collection third authority billion.	2024-11-25 11:08:07.076768+00	10	33	\N
52	3	Budget risk action past option. As indicate rather call especially.	2024-11-25 11:08:07.389463+00	41	36	\N
53	2	Red born agree. Candidate accept customer cut class administration former.	2024-11-25 11:08:07.676525+00	34	31	\N
54	2	From theory professor detail. My situation quite care meeting accept.	2024-11-25 11:08:07.959746+00	33	7	\N
55	4	Message everybody thing father he pattern spring. Decade blue black left size class life.	2024-11-25 11:08:08.257306+00	19	46	\N
56	2	Term maybe way small. Minute body middle security down air.	2024-11-25 11:08:08.554288+00	7	16	\N
57	4	Letter far space minute. In order prove beat step fund system.	2024-11-25 11:08:08.832973+00	42	47	\N
58	4	Sport share north magazine where market direction. Pattern where brother level seat history break.	2024-11-25 11:08:09.109969+00	5	36	\N
59	5	Beat left goal building care affect. Score television seek foreign clearly.	2024-11-25 11:08:09.449966+00	37	9	\N
60	3	Career whom film catch career. Coach born firm how as control.	2024-11-25 11:08:09.735972+00	41	6	\N
61	5	Amazing product! Highly recommended.	2025-02-19 15:10:13.698356+00	74	78	\N
62	5	poor product!	2025-02-19 15:10:41.279845+00	75	78	\N
63	3	poor product!	2025-02-19 15:10:52.927752+00	75	78	\N
64	3	can do much better!	2025-02-19 15:11:11.523781+00	75	78	\N
65	4	Great product	2025-02-19 15:11:36.899103+00	74	78	\N
66	4	Great product	2025-02-19 20:29:56.809468+00	74	78	10
67	4	bad product	2025-02-19 20:30:18.879769+00	74	78	8
68	1	bad product	2025-02-19 20:30:35.111618+00	74	78	2
69	5	bad product	2025-02-19 20:30:46.855639+00	74	78	10
70	4	bad product	2025-02-19 20:31:05.78952+00	74	78	8
71	4	bad product	2025-02-19 20:33:42.745954+00	74	78	8
72	3	bad product	2025-02-19 20:33:51.641946+00	74	78	6
73	3	very bad	2025-02-19 20:34:08.117242+00	74	78	6
74	2	very bad	2025-02-19 20:34:18.222195+00	74	78	4
75	5	great	2025-02-19 20:34:33.433884+00	74	78	10
76	4	great	2025-02-19 20:34:43.610433+00	74	78	10
77	3	great	2025-02-19 20:34:52.263767+00	74	78	8
78	2	great	2025-02-19 20:35:00.252009+00	74	78	6
79	1	great	2025-02-19 20:35:09.600981+00	74	78	4
80	3	great	2025-02-19 20:37:25.016+00	74	78	8
81	3	Its a good product i recommend buying it	2025-02-19 20:41:02.893339+00	74	78	8
82	4	I absolutely love this product! From the moment I received it, I could tell that it was made with high-quality materials. The design is sleek and modern, and it works flawlessly. Ive used it for over a month now, and it has exceeded my expectations in every way. The battery life is fantastic, the performance is smooth, and it feels very durable. Customer service was also excellent; they answered all my queries quickly. Highly recommend this to anyone looking for something reliable and well-built!	2025-02-19 20:42:04.174511+00	74	78	10
83	4	I absolutely love this product! From the moment I received it, I could tell that it was made with high-quality materials. The design is sleek and modern, and it works flawlessly. Ive used it for over a month now, and it has exceeded my expectations in every way. The battery life is fantastic, the performance is smooth, and it feels very durable. Customer service was also excellent; they answered all my queries quickly. Highly recommend this to anyone looking for something reliable and well-built!	2025-02-19 20:42:53.732636+00	74	78	10
84	4	I absolutely love this product!	2025-02-19 20:43:29.192097+00	74	78	10
85	3	Average product could be much better!	2025-02-19 20:46:08.545071+00	74	78	6
86	1	worst product I have ever bought!	2025-02-19 20:48:12.104792+00	74	78	2
87	3	worst product I have ever bought!	2025-02-19 21:10:42.639831+00	74	78	7.1
88	4	great product	2025-02-19 21:12:01.960679+00	74	78	7.2
89	1	very bad and poor product	2025-02-19 21:12:20.379981+00	74	78	7.1
90	1	very bad and poor product	2025-02-19 21:12:30.668244+00	74	78	7.1
91	1	very bad and poor product hate it	2025-02-19 21:12:44.46084+00	74	78	7.1
92	1	not good	2025-02-19 21:13:03.081266+00	75	78	0.1
93	1	not good	2025-02-19 21:13:12.450477+00	76	78	0.4
94	1	not good	2025-02-19 21:31:19.08289+00	74	78	7.08
95	1	not good	2025-02-19 21:31:48.563147+00	74	78	7
96	1	not good	2025-02-19 21:33:40.272616+00	74	78	5
97	2	bad	2025-02-19 21:34:00.78648+00	74	78	5
98	2	bad	2025-02-19 21:34:26.58512+00	74	78	5
99	2	bad	2025-02-19 21:34:45.166126+00	78	78	1.52
100	2	can do much better	2025-02-19 21:35:08.815749+00	78	78	1.56
101	1	really poor	2025-02-19 21:35:24.935929+00	78	78	1.36
102	2	Just Fine and Average, Could be better	2025-02-20 17:17:21.060887+00	78	2	\N
103	3	Just Fine and Average, Could be better	2025-02-20 17:18:19.635106+00	78	2	\N
104	1	Worst Product, Not Recommended.	2025-02-20 17:26:42.566347+00	78	2	\N
105	5	Really Great Product, Very Useful.	2025-02-20 17:33:54.785889+00	78	2	\N
106	1	really poor	2025-02-20 17:34:12.073166+00	79	78	\N
107	2	Little Expensive, Below Average Product	2025-02-20 17:38:26.998001+00	78	2	\N
108	2	Little Expensive, Below Average Product, Bad	2025-02-20 17:38:59.03101+00	78	2	\N
109	5	Little Expensive, Below Average Product, Bad	2025-02-20 17:41:56.189405+00	78	2	\N
110	4	Little Expensive, Below Average Product, Bad	2025-02-20 17:42:21.924429+00	78	2	\N
111	4	Little Expensive, Below Average Product, Bad	2025-02-20 17:42:48.571784+00	78	2	\N
112	2	Best amazing Product, Great use and Quality.	2025-02-20 17:43:25.466908+00	78	2	\N
113	2	Best amazing Product, Great use and Quality.	2025-02-20 17:44:02.427276+00	78	2	\N
114	4	Bad Product, Not Recommeded, Worst	2025-02-20 17:46:08.112358+00	78	2	\N
115	1	Best amazing Product, Great use and Quality.	2025-02-20 17:46:34.027103+00	78	2	\N
116	1	Best amazing Product, Great use and Quality.	2025-02-20 17:47:00.395134+00	78	2	\N
117	2	Bad	2025-02-22 23:15:57.727793+00	96	78	\N
118	4	Great Product, Amazing value	2025-02-23 08:52:12.794361+00	98	2	\N
119	1	Not so Great, Bad Atmosphere	2025-02-23 08:53:35.282798+00	96	2	\N
120	4	Better Product, Works Well	2025-02-23 08:58:14.868998+00	96	2	\N
121	2	Average Product, Bad Quality	2025-02-24 20:32:34.367238+00	98	2	\N
122	4	Amazing Product, Highly Recommended.	2025-02-24 20:38:54.07107+00	100	2	\N
123	4	Great car	2025-02-24 20:51:53.893801+00	99	81	\N
124	1	Not a good product	2025-02-25 08:36:48.088571+00	96	78	\N
125	5	.	2025-02-25 09:15:18.540248+00	96	78	\N
126	5	Great Product, Nice, Amazing	2025-02-25 09:16:22.816534+00	96	78	\N
127	3	Product is average could be improved	2025-02-28 21:18:28.837981+00	96	78	\N
128	3	Average Product, Could be better.	2025-04-05 20:33:02.959074+00	96	2	\N
129	4	Good Product, recommended	2025-04-13 19:29:21.116333+00	95	2	\N
130	4	Good product, Recommended	2025-05-13 22:07:34.320599+00	95	2	\N
131	3	Amazing product	2025-05-13 22:09:07.938213+00	95	2	\N
132	4	Good product, It's recommended	2025-05-13 22:15:20.406424+00	101	2	\N
133	3	Average	2025-05-13 22:18:18.478761+00	101	2	\N
134	3	Product is average	2025-05-15 05:40:46.467022+00	105	78	\N
135	4	Good product	2025-05-15 05:48:35.609576+00	105	78	\N
136	2	The product is average	2025-05-15 05:53:44.855903+00	105	78	\N
137	4	Good product, Recommended.	2025-05-21 16:59:40.834626+00	108	2	\N
\.


--
-- Data for Name: users_user; Type: TABLE DATA; Schema: public; Owner: postgres
--

COPY public.users_user (id, username, email, password, date_joined, first_name, is_active, is_staff, is_superuser, last_login, last_name, interests, "userType") FROM stdin;
1	talha	talha@gmail.com	pbkdf2_sha256$600000$ivsYBWFH7H3CpRrOcvwyW3$/tcgdtCgp3YVWsFHPy8malqXeWSvkNYC4tirqSqJS50=	2024-10-27 21:02:13.822389+00		t	f	f	\N		[]	\N
3	talha22	talha12@gmail.com	pbkdf2_sha256$600000$wvVhZJdL65HhnwBNrTiCbU$kw81aVSByjQKwrtbhBDF96Szxw7xQ0qoGTecC4kiDfE=	2024-10-27 21:02:13.822389+00		t	f	f	\N		[]	\N
4	talhak12	talha123@gmail.com	pbkdf2_sha256$600000$p5IQV4GpzhVUVbImIKEtnW$LROMQ6G3yQamL9qaqkQDdc84V8TAfLHF2sHmwMEjPJE=	2024-10-27 21:02:13.822389+00		t	f	f	\N		[]	\N
5	talha123k	talha1234@gmail.com	pbkdf2_sha256$600000$Pp2TpSCkuD4culgqE6lz95$Zasgrx0zxJI89smWBz8vdKNppbqnsYuDYocDf5QXqtQ=	2024-10-27 21:02:13.822389+00		t	f	f	\N		[]	\N
6	talha0191	talhaaa@gmail.com	pbkdf2_sha256$600000$mBCBGEL1DbcPyU1NCmRnnv$uAlBTdN8RgL4FZQt57SJ22Ht+cBgGg8wzb3esmCMnek=	2024-10-27 21:02:13.822389+00		t	f	f	\N		[]	\N
7	talha0181	talhaaaa@gmail.com	pbkdf2_sha256$600000$jXdsZbb4nQ2cjWU3s45sw9$CBquZs+5Cr1BUyyFZof8Lzn2BTh54ljlvFGyYCd6DHo=	2024-10-27 21:02:13.822389+00		t	f	f	\N		[]	\N
8	abc	abc@gmail.com	pbkdf2_sha256$600000$zSDGHvUbhPc2ptTHa7YSNk$alk/trnNw1WfcV3ZH4YTSKAjroJhFoC0yiWVViV9ZDg=	2024-10-27 21:02:13.822389+00		t	f	f	\N		[]	\N
9	xd	xd@gmail.com	pbkdf2_sha256$600000$kuRJW5g2p3Ydb7ZPjR631W$C3vUR3SOKHk8Z+thDmb+SsSCw8T1/hRSkaRPxMi0T2I=	2024-10-27 21:02:13.822389+00		t	f	f	\N		[]	\N
10	haha	haha@gmail.com	pbkdf2_sha256$600000$TSW098nl5RNfrFPK4WgEeL$QNIyioIx+HF8Vn6ntTLR2+B6nBTqX7+FiKjUoEK9byc=	2024-10-27 21:02:13.822389+00		t	f	f	\N		[]	\N
11	123	123@gmail.com	pbkdf2_sha256$600000$3ltbnHR2xmGF7dDD0VD162$uvY+SHraP9TuDUsqy7excueHs7Xq1v/W7CVj9PXjLBQ=	2024-10-27 21:02:13.822389+00		t	f	f	\N		[]	\N
12	john	john@gmail.com	pbkdf2_sha256$600000$AJbptEZeN8cMXm7kOaDUiM$87UEJcQPFrt8HYRU5M+Ei22epYnLfSRFr6alABLW/3M=	2024-10-27 21:02:13.822389+00		t	f	f	\N		[]	\N
13	haha1	haha1@gmail.com	pbkdf2_sha256$600000$NKu7wuTx0UcWycufAX2dn6$JJFq4xopaFOopUuYwysE5HMz29+O3vS06XEBrpztLfM=	2024-10-27 21:02:13.822389+00		t	f	f	\N		[]	\N
14	xyz	xyz@gmail.com	pbkdf2_sha256$600000$pbGkfT46fOyZ2H3eUIzRLA$LS2X95LMFX5ucvCvP46YDOfuTp4cIEdShgut8bzGniE=	2024-10-27 21:02:13.822389+00		t	f	f	\N		[]	\N
15	you	you@gmail.com	pbkdf2_sha256$600000$l5bPeag8YmdCEHPbxyGyRe$jmxmf7NMvZlZMFKQ8lR942F8+tlolLYFUTaNlVTOFPs=	2024-10-27 21:02:13.822389+00		t	f	f	\N		[]	\N
16	lfg	lfg@gmail.com	pbkdf2_sha256$600000$yQijU3bS8FDzNXYHSqiZD4$VfQT49BwH1ZQq8zPd6zAGpS5dOcr0lGf3KKek3Jjkzc=	2024-10-27 21:02:13.822389+00		t	f	f	\N		[]	\N
17	lfg1	lfg1@gmail.com	pbkdf2_sha256$600000$NoBT63OnlYnMnXTkxatSOv$gPlasyJ2Br96HutSzmXNEWC960RpuWGrYKpJahKJdzQ=	2024-10-27 21:02:13.822389+00		t	f	f	\N		[]	\N
18	gaga	gaga@gmail.com	pbkdf2_sha256$600000$kZSZrVMpxduRo8GTEHSZRA$vt++NtHZLR4ZQIMQO+g/CaaIUhQkLoHe/W+aFeZmIZo=	2024-10-27 21:02:13.822389+00		t	f	f	\N		[]	\N
19	asherasif.3	asherasif.3@gmail.com	pbkdf2_sha256$600000$bYceFJxg9a2ZAnahaFJg3g$nToi80/rJPMZhQChtnSjkvo5ODwhJNsBum/c6q0cE5I=	2024-10-27 21:02:13.822389+00		t	f	f	\N		[]	\N
20	aaa	aaa@gmail.com	pbkdf2_sha256$600000$N2lzimpi0MVgef5x1Vj8mb$XNiE+OYUeZC/ek5SclQsbx+myIaMy6wWe2hOqolSHbw=	2024-10-27 21:02:13.822389+00		t	f	f	\N		[]	\N
21	yo	Abc@hotmail.com	pbkdf2_sha256$600000$VNyTkM73Lvnxvw2CHMh0yL$nnOzugofievUeOfAGLa844ODMqaS5TFDrJKvPnlLmtc=	2024-10-27 21:02:13.822389+00		t	f	f	\N		[]	\N
22	xd12	xd12@gmail.com	pbkdf2_sha256$600000$rxWMg7SztI0OeC36FEwUBV$z3jTtIPw3NdAyFtquaU/8/livlXv3fKXF5BfAcku0kc=	2024-10-27 21:02:13.822389+00		t	f	f	\N		[]	\N
23	xd123	xd123@gmail.com	pbkdf2_sha256$600000$SYv0rC3cGFvASxHqcXFX4x$6DC4dF9po+QK5F1P5pUvWirONuDLoOylG0Q2GYRNOK8=	2024-10-27 21:02:13.822389+00		t	f	f	\N		[]	\N
24	test	tester@gmail.com	pbkdf2_sha256$600000$a55eUhXKjKBkY0nWz8a4aK$FmJMPecsR7UgA8/12Nyh4fbh+/b4zic8Ao7fpzvBeI8=	2024-10-30 13:42:54.712484+00		t	f	f	\N		[]	\N
25	Tester1	test1@gmail.com	pbkdf2_sha256$600000$gmTn71fld9LjPKNbjpOENx$h+1gnTN/SEcYylbRZBPbWe7Kq+OCOg3E+y9rc92MRXI=	2024-10-30 19:00:25.045842+00		t	f	f	\N		[]	\N
26	Hello	hello@gmail.com	pbkdf2_sha256$600000$5lIMGUtbCYpVkiW4Ac9hBC$B+z2Ii6MEahbgsTlhFtfzfZu7hkl42kU4EReZyz1Bm0=	2024-11-10 12:25:59.311731+00		t	f	f	\N		[]	\N
27	abc1	Abc1@gmail.com	pbkdf2_sha256$600000$hPvYTb3wmVEJJlZeUkeaHf$21AKkZNcvYLD9JZo9F/7j0MTwC2CR+ifZbanEZwGAXo=	2024-11-10 14:41:21.005749+00		t	f	f	\N		[]	\N
40	valerie04	gerald02@example.org	pbkdf2_sha256$870000$4v2BQLLfmf173bJ3GUBfMs$NyxttLh9goQwwIBzw1NvXLmFF2DbwZJT0L8lZcvGiHo=	2024-11-25 11:07:24.740227+00		t	f	f	\N		[]	\N
41	kmontgomery	abauer@example.org	pbkdf2_sha256$870000$UNwR2gTXGuAhS1HTw1nG6z$kHUuIKjX/lae9P0HsbBhBIzSukYjJUk+ZjZy10Nar1w=	2024-11-25 11:07:30.083183+00		t	f	f	\N		[]	\N
42	christytate	padillamichael@example.com	pbkdf2_sha256$870000$28K6XZSlUqaBvt5lMjQyQf$GLJrJhaqqvhS+3wDHO91xOwhQiL0up54VO4xkndR6O0=	2024-11-25 11:07:32.284211+00		t	f	f	\N		[]	\N
43	jonesandrew	rodriguezrichard@example.org	pbkdf2_sha256$870000$FZppyQEAhhExDgw861W8z8$dRGRM7zgi5Gq86FAjbDOTWVnajA97QqZ2LYNLWdPjY4=	2024-11-25 11:07:34.764014+00		t	f	f	\N		[]	\N
44	wilsonjeremy	xstevenson@example.org	pbkdf2_sha256$870000$ySysqP1NUld7hcJ0P9KGwN$FGA56C5ETKdku6P64fqyMQHIu0dFn+9HIRuzmKhny3s=	2024-11-25 11:07:37.834863+00		t	f	f	\N		[]	\N
29	tester	test@gmail.com	pbkdf2_sha256$600000$PKDjPLsAMeqzkyFRd1gisk$c72Cq34umBkxp7Z1cttYxDlxnxFZSOovCv3nDY59NrY=	2024-11-14 22:40:16.639385+00		t	f	f	\N		[]	\N
45	kennethacosta	james55@example.net	pbkdf2_sha256$870000$CgDWVzbAuPpibWSDaG7wDu$dNkbP9rYKonsvEXdruKVVMmBWHrhqP8sy8v76bgFU+8=	2024-11-25 11:07:41.289667+00		t	f	f	\N		[]	\N
28	admin	admin@gmail.com	pbkdf2_sha256$600000$amLbJphwf7GNm2lx2COI4l$w5DTaJ0yS/uprNqpXocCAOm11kK43z2UydLKUHoUnuk=	2024-11-11 20:36:39.017003+00		t	t	t	2024-11-15 15:00:05.833586+00		[]	\N
30	rojaslisa	iandrews@example.com	pbkdf2_sha256$870000$clRiwyAFERPgnBdPNcPuF6$iVKMT+scbIGMivDMYijq/VsUYMRdETKeJwDqWYU5CHw=	2024-11-25 10:06:59.286518+00		t	f	f	\N		[]	\N
31	petersonstephen	mitchelljennifer@example.org	pbkdf2_sha256$870000$BlBahI3VQt6e8RbzPkENL9$MzlZ9pFh5osZ1c2vr1NhP7w/3c8tW/Q12Mj69q0SVBY=	2024-11-25 10:07:03.548362+00		t	f	f	\N		[]	\N
32	alexandra23	willissarah@example.org	pbkdf2_sha256$870000$pX3QG885tbDu1yDYNc8pbP$QI55X7XtbVAFJwCQM95QNsq8rC3nilDy1aj71yyxrJ4=	2024-11-25 10:07:05.437187+00		t	f	f	\N		[]	\N
33	debra94	jonestimothy@example.net	pbkdf2_sha256$870000$G1RvDwaukgLwMD5v4IxsuL$1WczoCWWD7xz8F3qQ5P4nF+bhRznVNmUNTOhSoy80D4=	2024-11-25 10:07:07.327588+00		t	f	f	\N		[]	\N
34	udavidson	martinezdaniel@example.net	pbkdf2_sha256$870000$BLmyWH5zNiDx0qbm3pv1mV$6HNmv09suiF9AVjbNyn+lkWEoXFt2mWu4o5UWYZaKM0=	2024-11-25 10:07:09.213129+00		t	f	f	\N		[]	\N
35	tmullen	nicolehenry@example.org	pbkdf2_sha256$870000$3XN4TTne36MkSkjhV2UM0u$UJrAi82zq9NHDlQhYo7i5r7546QQFqu0hR7mL1lIolk=	2024-11-25 10:07:11.098647+00		t	f	f	\N		[]	\N
36	jacksonhelen	kurt15@example.org	pbkdf2_sha256$870000$QJ6TfboTjbHAuqIvqsoYV1$DhgfKdGJ+1ni+COlerB/ssWDl+SZB0PKeKcnwB+F7Qc=	2024-11-25 10:07:13.054265+00		t	f	f	\N		[]	\N
37	yodermarie	xmoran@example.org	pbkdf2_sha256$870000$DWLg3AgLCkDiZ3eOhSSRNZ$YVntabBbk0jS2WuXwc9Oubs9MPEtZELPWMGf0m7ULGY=	2024-11-25 10:07:15.263064+00		t	f	f	\N		[]	\N
38	jessica59	jason79@example.net	pbkdf2_sha256$870000$7wmtuem7DgTOMvislTTBX2$k3DjqjFYWjVR7JJ4U0kAltSLV8pk2Z3QFCOGNdODbBg=	2024-11-25 10:07:17.269536+00		t	f	f	\N		[]	\N
39	charles73	bishopregina@example.net	pbkdf2_sha256$870000$tTine7pThVlBLTPGeZystm$I9dwgcizY2O8KWD1ntnoFx7Hfb666GoqrnETrisDocw=	2024-11-25 10:07:19.494874+00		t	f	f	\N		[]	\N
46	ncastillo	uroman@example.com	pbkdf2_sha256$870000$gCDWvlT80u7CNzlx3c7enm$YTpKsJ9t249KExxr/gwlpR+oxAOTNEgqP90IAwS1INE=	2024-11-25 11:07:43.70128+00		t	f	f	\N		[]	\N
47	brownangela	andersonkayla@example.org	pbkdf2_sha256$870000$KSWAZuJ0EQ7dtK3hhZEIZu$jHPnQ8XjYOhirUyZurHT0WUSP2m3Q3d7R2ETQd5Qvf8=	2024-11-25 11:07:46.614512+00		t	f	f	\N		[]	\N
48	aaronrose	kwilliams@example.org	pbkdf2_sha256$870000$k6Jvsencoojvq1n5IZnip0$5dQX3iZWVUeRcGZgrfRzR7aTbYyK2l1R8l88rVT30hg=	2024-11-25 11:07:49.152358+00		t	f	f	\N		[]	\N
49	ariana06	wdouglas@example.net	pbkdf2_sha256$870000$TyjSteRY2UsENgy4WqeLVe$FvN/+q5OVPTlrGle4MR5uAEatSP1LC/2VBG2GOiCPgs=	2024-11-25 11:07:51.494631+00		t	f	f	\N		[]	\N
50	Tester101	test123@gmail.com	pbkdf2_sha256$600000$nZukWoGNhzVfqGRaTN0A34$BLSyBNExdK1KsrRc1zx/bVOmQTgFel2vYEEwjOmiA2c=	2024-11-25 13:30:33.673983+00		t	f	f	\N		[]	\N
51	test2	talha0918@gmail.com	pbkdf2_sha256$600000$vKxzWI3U5R8YCa1Pu50BpA$8+ti/pvNlfye1MMK5ZurtwYShj2xwmX/APm72l+eCUg=	2024-11-25 18:19:37.065873+00		t	f	f	\N		[]	\N
52	testagain	lol@gmail.com	pbkdf2_sha256$600000$A6hetoClLPJMuMpBnKside$OQ+vlq3JkJPVEhkAqsoImnuQwAiTeRpTTLnSh1/nlAM=	2024-11-25 18:26:17.749576+00		t	f	f	\N		[]	\N
53	testingggg	xddd@gmail.com	pbkdf2_sha256$600000$pQd8gMCu04kTvAYU0gCvJI$Z+AruzY2eM9uR9N7NOYC4taXckbI+0AE7ag5oIP/HtI=	2024-11-25 18:29:34.471024+00		t	f	f	\N		[]	\N
54	Testoajaj	Abfkaj@gmail.com	pbkdf2_sha256$600000$YQfVKdZCt8viRSprXYBLGF$+ltAfMBlJm/vkjqARspjzT6pxE+Rdx6c23EfbV1enpc=	2024-11-25 19:43:20.140265+00		t	f	f	\N		[]	\N
55	Haiaha	gaiah@gmail.com	pbkdf2_sha256$600000$78pCYKVwFPs5SOXAshhIdq$M+598MJdk0W4GEPbTAGwhInBiwckhr6OAGMW36AyGfQ=	2024-11-25 19:51:21.374741+00		t	f	f	\N		[]	\N
56	Talhatest	talkaj@gmail.com	pbkdf2_sha256$600000$XSSeNMpdCslmMJy87amlyP$QEXRkHtasAUE39WA00GyJ8Ak5QskzYozeAJEwjDpPAs=	2024-11-28 21:00:20.456876+00		t	f	f	\N		[]	\N
57	Talha10101	talhakodvavi1@gmail.com	pbkdf2_sha256$600000$z5NPeJRVMROC1UlYvKaEnz$5fbAYZKFo/oHwmzL/xkIwS3vKWA/ZibeShFwd3XZWPg=	2024-11-29 15:15:10.725605+00		t	f	f	\N		[]	\N
58	amna	amna@gmail.com	pbkdf2_sha256$600000$jSONnIan0iZfuRUAogC8GC$2cuq9Rg5hpFhgJ25ZINsqwinseIP/edc5q45sdDgOOA=	2024-11-30 12:13:14.660646+00		t	f	f	\N		[]	\N
59	john_doe	john.doe@example.com	pbkdf2_sha256$600000$Cf0gdVUFO8MB7m7hkHB3cC$+B70Egl+Cdq57dI2MC1yenHR5PrIpgGGj3gTWNQTrEs=	2024-12-02 12:19:30.106324+00		t	f	f	\N		["electronics", "furniture"]	Normal User
60	TalhaTest	example@gmail.com	pbkdf2_sha256$600000$ZKxVE57AGyVNG80pVGVC65$Np5MLV+jsE/YlPZVKIDk/TIhiPoZS0U2hU1TIOXCWqM=	2024-12-02 12:26:43.767469+00		t	f	f	\N		["Home and Kitchen Appliances", "Furniture", "Electronics and Gadgets", "Tools and Equipment", "Vehicles", "Office Equipment", "Educational Resources", "Decor and Seasonal Items"]	Normal User
61	Testuser	testing@gmail.com	pbkdf2_sha256$600000$kPLoAmT19JTC3n3hcYOZen$tE6gKtEHa/rfcDp/2Xie5dcW48zFCWgNtWAR9eC6H94=	2024-12-03 06:54:31.90078+00		t	f	f	\N		["Furniture", "Event and Party Supplies", "Baby and Kids Items", "Office Equipment", "Home and Kitchen Appliances"]	Normal User
62	random	random@gmail.com	pbkdf2_sha256$600000$MHgvBpl1chTCqUQrs0GCXU$rKkHJ4G9Gtm73MwIIuyn5bTJ3wf6muHT99ceimZdBn4=	2024-12-03 17:47:09.236456+00		t	f	f	\N		["Furniture", "Baby and Kids Items", "Event and Party Supplies", "Health and Wellness"]	Normal User
63	Mahnoor	Mah@gmail.com	pbkdf2_sha256$600000$ZPdwt2Go6EVfvCLhqOznRg$2p+BAR/429X1MZVj7dUQq8MEAKQnxvZBib8LuhC0Ncw=	2024-12-03 17:56:47.529445+00		t	f	f	\N		["Vehicles", "Tools and Equipment", "Baby and Kids Items"]	Vendor
64	Zain	Zain@gmail.com	pbkdf2_sha256$600000$eQiEzu7KdULju3kkDQD24Q$BAQvIRP4BNj7SJ5LXwLOT7cf6z6Ch4euQYvj95ccyN0=	2024-12-04 20:58:56.037887+00		t	f	f	\N		["Vehicles", "Electronics and Gadgets"]	Normal User
65	Haad	Haad@gmail.com	pbkdf2_sha256$600000$1bWUDzwDcqchaW76C4THhN$3uZCe6qA7MmhUWtWBEGdLDE/D1kCsUU5tfylphne3Fs=	2024-12-05 06:17:25.126431+00		t	f	f	\N		["Home and Kitchen Appliances", "Tools and Equipment"]	Normal User
66	Bobo	Bobo@gmail.com	pbkdf2_sha256$600000$nVzXmaxQnfzqT5ziXNtpTP$NrOuqg/mY5Ofigvf7bPGBZhotqHw8bvyyiXcidOOE7k=	2024-12-05 06:34:04.653054+00		t	f	f	\N		["Tools and Equipment", "Health and Wellness", "Baby and Kids Items"]	Normal User
67	Asif	asif@gmail.com	pbkdf2_sha256$600000$VIsEXESVdXgQwK2ihqzDOC$JEFxlCkspYU7NWDXruvMzucHt6d1fPcptSlx+PWOUac=	2024-12-07 10:22:51.024706+00		t	f	f	\N		["Furniture", "Educational Resources", "Baby and Kids Items"]	Normal User
68	faaiz	faaiz@gmail.com	pbkdf2_sha256$600000$CtXoNOnUVVJsAL8KXvaCPA$KUlT9HP1hHZCdEbG4uiXUBDxOZfW7eSQVNXuUqzp0l4=	2024-12-07 23:26:22.945913+00		t	f	f	\N		["Electronics and Gadgets"]	
69	Asher	asherasif.2@gmail.com	pbkdf2_sha256$600000$5MlPjoHXWWZFdEvT3LhjCh$sdjOh6lqH9akCln6lD0cXrz1I4mjAGEEs2zVYktSm+g=	2024-12-08 11:02:06.98667+00		t	f	f	\N		["Home and Kitchen Appliances", "Event and Party Supplies", "Health and Wellness"]	Normal User
70	Aleena	Aleena@gmail.com	pbkdf2_sha256$600000$1TKJpQXVmD3Dgg17EEuWuC$KEbdUoWD79fj4Pl1SWG/Zm6P3aVnjU2WkW65wFE2twE=	2024-12-09 19:24:00.869873+00		t	f	f	\N		["Home and Kitchen Appliances", "Office Equipment"]	Normal User
71	Ibad	Ibad@gmail.com	pbkdf2_sha256$600000$2XbF74EE0rh3IViFVPHVvQ$uDE9Rf5TAgUvYIedJmpCWut8KyzOTZc295gw5k0+JlA=	2024-12-09 19:32:39.346062+00		t	f	f	\N		["Furniture"]	Normal User
72	jury	jury@gmail.com	pbkdf2_sha256$600000$FmT7cg2ZWc76opeRvF1Oo2$rh2+ULzqqmv3INn2UjmDBRXRSedVQsIPgIUAoW71+5g=	2024-12-11 15:14:03.298037+00		t	f	f	\N		["Electronics and Gadgets"]	Normal User
73	talha123	talhakodvavi1@gmail.com	pbkdf2_sha256$600000$OAMwnzhlye2VNyjkbL0W2Z$yzoGyCk/l+Z1kLMdlQCDJllSTcesYDvnnYfSm0ju+DI=	2024-12-11 19:17:57.694242+00		t	f	f	\N		["Home and Kitchen Appliances", "Vehicles"]	Normal User
74	talha1234	demo@gmail.com	pbkdf2_sha256$870000$eHnANjg32CINQd6QPX8ddZ$FS4EZqCnfo/9vOu3OEm44DdwNCnux4wupKOuXx9+a98=	2024-12-11 19:22:10.557608+00		t	f	f	\N		["Furniture", "Vehicles"]	Normal User
75	fypjury	FypJury@gmail.com	pbkdf2_sha256$600000$K2DmRqyyRci9W6kkBBV63i$j4nmzyPvWxVg/wJDA9O7SsmLGx0LO0pCBOvpKq/xh7s=	2024-12-12 07:32:06.978645+00		t	f	f	\N		["Home and Kitchen Appliances", "Tools and Equipment"]	Normal User
77	testuser	testuser@example.com	pbkdf2_sha256$870000$g8f3oPyHxOGZAGR8dxIstq$BxGdTBZdr6nO96BJI5luFN06gm+k1AQ/iNE1E7+jMPQ=	2025-02-14 21:56:29.491159+00		t	f	f	\N		[]	\N
79	talha00	talha00@gmail.com	pbkdf2_sha256$870000$PcCNGkXyNnYGO7D7SJOXZt$EeoUyxMlcQDKqnDB6XLVVegUpR3R2Ol/YOYC07CsAcc=	2025-02-15 23:08:19.093842+00		t	f	f	\N		["Furniture", "Home and Kitchen Appliances"]	Normal User
80	talha0198	fyp123@gmail.com	pbkdf2_sha256$870000$GUERCJG18LS7KI5eevRvHW$SaMMqSQoIKWSbT6pwZokha+9/hea8zLin1HXIB4gL+I=	2025-02-17 19:53:38.752529+00		t	f	f	\N		["Home and Kitchen Appliances", "Furniture"]	Normal User
81	Juryform	Jury@gmail.com	pbkdf2_sha256$600000$Q0sC6LgYNoNfxrxQ06ZhO1$TsVqgrp9MDcL5YbdvewE2ahiV9sVW7tZi3JQu7N2mrw=	2025-02-24 20:46:53.352326+00		t	f	f	\N		["Baby and Kids Items", "Decor and Seasonal Items"]	Normal User
76	Ismail	syedismailulhaq@gmail.com	pbkdf2_sha256$1000000$6MSUIy8o0mYQiD2AJbzOGh$f+HKJHiVKnRh2EcFHlKZnyDC0sQ4AY1fwc5uLY2xt48=	2025-02-06 18:13:26.464801+00		t	f	f	\N		["Electronics and Gadgets", "Vehicles"]	Normal User
82	systemsltd	systems@gmail.com	pbkdf2_sha256$600000$5EjD03B34IbMmaHNnpbGdX$d3gIIO3Pd7zNrN4i6G+egb5V7IkvJ7moigMLo+JKOBc=	2025-04-27 17:02:25.802733+00		t	f	f	\N		["Event and Party Supplies", "Baby and Kids Items", "Health and Wellness", "Electronics and Gadgets"]	Vendor
2	asherasif	asherasif.6@gmail.com	pbkdf2_sha256$1000000$1PNM0RZ2qyPadMVBU1raP6$6h9E1/tndPv4rfp0hIQGbdFNl/9vjAKy13tzmofaLS8=	2024-10-27 21:02:13.822389+00		t	f	f	\N		[]	\N
90	vendor123	vendor@gmail.com	pbkdf2_sha256$1000000$Aiwdfh8qn6VND9sxsrz6C6$TnEfhIHFlGaf7kDHJu3eUV/EpElDPb6vqSNqQOz2Qhg=	2025-05-06 20:26:46.401797+00		t	f	f	\N		["Home and Kitchen Appliances", "Furniture"]	Vendor
91	Evaluation	eval@gmail.com	pbkdf2_sha256$1000000$7qHPyRCt8eAG3iHnuu9qOy$zZgV4/gLJ/juioGVmrd1bN7WeVs3Tj0osIt1Q0hkwms=	2025-05-11 10:56:37.062484+00		t	f	f	\N		["Electronics and Gadgets", "Event and Party Supplies", "Tools and Equipment"]	Normal User
93	JawadShamsi	jawad@gmail.com	pbkdf2_sha256$1000000$OR0MlNGuLCObxe1zq3TUXj$eAp2LUHY525xVcf6bJIFZl/L/ib+dNUiLW4SXp4UubA=	2025-05-15 06:43:30.935448+00		t	f	f	\N		["Event and Party Supplies", "Tools and Equipment", "Electronics and Gadgets"]	Normal User
78	fyp2	fyp2@gmail.com	pbkdf2_sha256$1000000$BfKkdWACxc69ZPgdBJWnel$CcHH2P/xn5xK6CUbvyLdAvVPA6vX8dtRAlvRzVgmVHo=	2025-02-15 12:19:14.811396+00		t	f	f	\N		["Furniture", "Home and Kitchen Appliances"]	Normal User
92	finaltest	finaltest@gmail.com	pbkdf2_sha256$870000$XJot7g9vRyqfG3LlUCzmC7$jQH3IRku3KLoAKsqb3n6jP+E8E8HhzRI3YAqOwcrd0Q=	2025-05-13 16:57:10.930147+00		t	f	f	\N		["Home and Kitchen Appliances", "Furniture"]	Normal User
\.


--
-- Data for Name: users_user_groups; Type: TABLE DATA; Schema: public; Owner: postgres
--

COPY public.users_user_groups (id, user_id, group_id) FROM stdin;
\.


--
-- Data for Name: users_user_user_permissions; Type: TABLE DATA; Schema: public; Owner: postgres
--

COPY public.users_user_user_permissions (id, user_id, permission_id) FROM stdin;
\.


--
-- Name: auth_group_id_seq; Type: SEQUENCE SET; Schema: public; Owner: postgres
--

SELECT pg_catalog.setval('public.auth_group_id_seq', 1, false);


--
-- Name: auth_group_permissions_id_seq; Type: SEQUENCE SET; Schema: public; Owner: postgres
--

SELECT pg_catalog.setval('public.auth_group_permissions_id_seq', 1, false);


--
-- Name: auth_permission_id_seq; Type: SEQUENCE SET; Schema: public; Owner: postgres
--

SELECT pg_catalog.setval('public.auth_permission_id_seq', 64, true);


--
-- Name: auth_user_groups_id_seq; Type: SEQUENCE SET; Schema: public; Owner: postgres
--

SELECT pg_catalog.setval('public.auth_user_groups_id_seq', 1, false);


--
-- Name: auth_user_user_permissions_id_seq; Type: SEQUENCE SET; Schema: public; Owner: postgres
--

SELECT pg_catalog.setval('public.auth_user_user_permissions_id_seq', 1, false);


--
-- Name: bookings_booking_id_seq; Type: SEQUENCE SET; Schema: public; Owner: postgres
--

SELECT pg_catalog.setval('public.bookings_booking_id_seq', 85, true);


--
-- Name: condition_reports_itemconditionreport_id_seq; Type: SEQUENCE SET; Schema: public; Owner: postgres
--

SELECT pg_catalog.setval('public.condition_reports_itemconditionreport_id_seq', 28, true);


--
-- Name: disputes_dispute_id_seq; Type: SEQUENCE SET; Schema: public; Owner: postgres
--

SELECT pg_catalog.setval('public.disputes_dispute_id_seq', 17, true);


--
-- Name: django_admin_log_id_seq; Type: SEQUENCE SET; Schema: public; Owner: postgres
--

SELECT pg_catalog.setval('public.django_admin_log_id_seq', 11, true);


--
-- Name: django_content_type_id_seq; Type: SEQUENCE SET; Schema: public; Owner: postgres
--

SELECT pg_catalog.setval('public.django_content_type_id_seq', 17, true);


--
-- Name: django_migrations_id_seq; Type: SEQUENCE SET; Schema: public; Owner: postgres
--

SELECT pg_catalog.setval('public.django_migrations_id_seq', 109, true);


--
-- Name: items_item_id_seq; Type: SEQUENCE SET; Schema: public; Owner: postgres
--

SELECT pg_catalog.setval('public.items_item_id_seq', 110, true);


--
-- Name: items_saveditem_id_seq; Type: SEQUENCE SET; Schema: public; Owner: postgres
--

SELECT pg_catalog.setval('public.items_saveditem_id_seq', 8, true);


--
-- Name: items_searchhistory_id_seq; Type: SEQUENCE SET; Schema: public; Owner: postgres
--

SELECT pg_catalog.setval('public.items_searchhistory_id_seq', 1274, true);


--
-- Name: notifications_notification_id_seq; Type: SEQUENCE SET; Schema: public; Owner: postgres
--

SELECT pg_catalog.setval('public.notifications_notification_id_seq', 112, true);


--
-- Name: payments_payment_id_seq; Type: SEQUENCE SET; Schema: public; Owner: postgres
--

SELECT pg_catalog.setval('public.payments_payment_id_seq', 124, true);


--
-- Name: recommendations_recommendation_id_seq; Type: SEQUENCE SET; Schema: public; Owner: postgres
--

SELECT pg_catalog.setval('public.recommendations_recommendation_id_seq', 51, true);


--
-- Name: reviews_review_id_seq; Type: SEQUENCE SET; Schema: public; Owner: postgres
--

SELECT pg_catalog.setval('public.reviews_review_id_seq', 137, true);


--
-- Name: users_user_groups_id_seq; Type: SEQUENCE SET; Schema: public; Owner: postgres
--

SELECT pg_catalog.setval('public.users_user_groups_id_seq', 1, false);


--
-- Name: users_user_id_seq; Type: SEQUENCE SET; Schema: public; Owner: postgres
--

SELECT pg_catalog.setval('public.users_user_id_seq', 93, true);


--
-- Name: users_user_user_permissions_id_seq; Type: SEQUENCE SET; Schema: public; Owner: postgres
--

SELECT pg_catalog.setval('public.users_user_user_permissions_id_seq', 1, false);


--
-- Name: auth_group auth_group_name_key; Type: CONSTRAINT; Schema: public; Owner: postgres
--

ALTER TABLE ONLY public.auth_group
    ADD CONSTRAINT auth_group_name_key UNIQUE (name);


--
-- Name: auth_group_permissions auth_group_permissions_group_id_permission_id_0cd325b0_uniq; Type: CONSTRAINT; Schema: public; Owner: postgres
--

ALTER TABLE ONLY public.auth_group_permissions
    ADD CONSTRAINT auth_group_permissions_group_id_permission_id_0cd325b0_uniq UNIQUE (group_id, permission_id);


--
-- Name: auth_group_permissions auth_group_permissions_pkey; Type: CONSTRAINT; Schema: public; Owner: postgres
--

ALTER TABLE ONLY public.auth_group_permissions
    ADD CONSTRAINT auth_group_permissions_pkey PRIMARY KEY (id);


--
-- Name: auth_group auth_group_pkey; Type: CONSTRAINT; Schema: public; Owner: postgres
--

ALTER TABLE ONLY public.auth_group
    ADD CONSTRAINT auth_group_pkey PRIMARY KEY (id);


--
-- Name: auth_permission auth_permission_content_type_id_codename_01ab375a_uniq; Type: CONSTRAINT; Schema: public; Owner: postgres
--

ALTER TABLE ONLY public.auth_permission
    ADD CONSTRAINT auth_permission_content_type_id_codename_01ab375a_uniq UNIQUE (content_type_id, codename);


--
-- Name: auth_permission auth_permission_pkey; Type: CONSTRAINT; Schema: public; Owner: postgres
--

ALTER TABLE ONLY public.auth_permission
    ADD CONSTRAINT auth_permission_pkey PRIMARY KEY (id);


--
-- Name: auth_user_groups auth_user_groups_pkey; Type: CONSTRAINT; Schema: public; Owner: postgres
--

ALTER TABLE ONLY public.auth_user_groups
    ADD CONSTRAINT auth_user_groups_pkey PRIMARY KEY (id);


--
-- Name: auth_user_groups auth_user_groups_user_id_group_id_94350c0c_uniq; Type: CONSTRAINT; Schema: public; Owner: postgres
--

ALTER TABLE ONLY public.auth_user_groups
    ADD CONSTRAINT auth_user_groups_user_id_group_id_94350c0c_uniq UNIQUE (user_id, group_id);


--
-- Name: auth_user_user_permissions auth_user_user_permissions_pkey; Type: CONSTRAINT; Schema: public; Owner: postgres
--

ALTER TABLE ONLY public.auth_user_user_permissions
    ADD CONSTRAINT auth_user_user_permissions_pkey PRIMARY KEY (id);


--
-- Name: auth_user_user_permissions auth_user_user_permissions_user_id_permission_id_14a6b632_uniq; Type: CONSTRAINT; Schema: public; Owner: postgres
--

ALTER TABLE ONLY public.auth_user_user_permissions
    ADD CONSTRAINT auth_user_user_permissions_user_id_permission_id_14a6b632_uniq UNIQUE (user_id, permission_id);


--
-- Name: bookings_booking bookings_booking_pkey; Type: CONSTRAINT; Schema: public; Owner: postgres
--

ALTER TABLE ONLY public.bookings_booking
    ADD CONSTRAINT bookings_booking_pkey PRIMARY KEY (id);


--
-- Name: condition_reports_itemconditionreport condition_reports_itemco_booking_id_report_type_0ce4f894_uniq; Type: CONSTRAINT; Schema: public; Owner: postgres
--

ALTER TABLE ONLY public.condition_reports_itemconditionreport
    ADD CONSTRAINT condition_reports_itemco_booking_id_report_type_0ce4f894_uniq UNIQUE (booking_id, report_type);


--
-- Name: condition_reports_itemconditionreport condition_reports_itemconditionreport_pkey; Type: CONSTRAINT; Schema: public; Owner: postgres
--

ALTER TABLE ONLY public.condition_reports_itemconditionreport
    ADD CONSTRAINT condition_reports_itemconditionreport_pkey PRIMARY KEY (id);


--
-- Name: disputes_dispute disputes_dispute_pkey; Type: CONSTRAINT; Schema: public; Owner: postgres
--

ALTER TABLE ONLY public.disputes_dispute
    ADD CONSTRAINT disputes_dispute_pkey PRIMARY KEY (id);


--
-- Name: django_admin_log django_admin_log_pkey; Type: CONSTRAINT; Schema: public; Owner: postgres
--

ALTER TABLE ONLY public.django_admin_log
    ADD CONSTRAINT django_admin_log_pkey PRIMARY KEY (id);


--
-- Name: django_content_type django_content_type_app_label_model_76bd3d3b_uniq; Type: CONSTRAINT; Schema: public; Owner: postgres
--

ALTER TABLE ONLY public.django_content_type
    ADD CONSTRAINT django_content_type_app_label_model_76bd3d3b_uniq UNIQUE (app_label, model);


--
-- Name: django_content_type django_content_type_pkey; Type: CONSTRAINT; Schema: public; Owner: postgres
--

ALTER TABLE ONLY public.django_content_type
    ADD CONSTRAINT django_content_type_pkey PRIMARY KEY (id);


--
-- Name: django_migrations django_migrations_pkey; Type: CONSTRAINT; Schema: public; Owner: postgres
--

ALTER TABLE ONLY public.django_migrations
    ADD CONSTRAINT django_migrations_pkey PRIMARY KEY (id);


--
-- Name: django_session django_session_pkey; Type: CONSTRAINT; Schema: public; Owner: postgres
--

ALTER TABLE ONLY public.django_session
    ADD CONSTRAINT django_session_pkey PRIMARY KEY (session_key);


--
-- Name: items_item items_item_pkey; Type: CONSTRAINT; Schema: public; Owner: postgres
--

ALTER TABLE ONLY public.items_item
    ADD CONSTRAINT items_item_pkey PRIMARY KEY (id);


--
-- Name: items_saveditem items_saveditem_pkey; Type: CONSTRAINT; Schema: public; Owner: postgres
--

ALTER TABLE ONLY public.items_saveditem
    ADD CONSTRAINT items_saveditem_pkey PRIMARY KEY (id);


--
-- Name: items_saveditem items_saveditem_user_id_item_id_8c2ef40f_uniq; Type: CONSTRAINT; Schema: public; Owner: postgres
--

ALTER TABLE ONLY public.items_saveditem
    ADD CONSTRAINT items_saveditem_user_id_item_id_8c2ef40f_uniq UNIQUE (user_id, item_id);


--
-- Name: items_searchhistory items_searchhistory_pkey; Type: CONSTRAINT; Schema: public; Owner: postgres
--

ALTER TABLE ONLY public.items_searchhistory
    ADD CONSTRAINT items_searchhistory_pkey PRIMARY KEY (id);


--
-- Name: notifications_notification notifications_notification_pkey; Type: CONSTRAINT; Schema: public; Owner: postgres
--

ALTER TABLE ONLY public.notifications_notification
    ADD CONSTRAINT notifications_notification_pkey PRIMARY KEY (id);


--
-- Name: payments_payment payments_payment_pkey; Type: CONSTRAINT; Schema: public; Owner: postgres
--

ALTER TABLE ONLY public.payments_payment
    ADD CONSTRAINT payments_payment_pkey PRIMARY KEY (id);


--
-- Name: recommendations_recommendation recommendations_recommendation_pkey; Type: CONSTRAINT; Schema: public; Owner: postgres
--

ALTER TABLE ONLY public.recommendations_recommendation
    ADD CONSTRAINT recommendations_recommendation_pkey PRIMARY KEY (id);


--
-- Name: reviews_review reviews_review_pkey; Type: CONSTRAINT; Schema: public; Owner: postgres
--

ALTER TABLE ONLY public.reviews_review
    ADD CONSTRAINT reviews_review_pkey PRIMARY KEY (id);


--
-- Name: users_user_groups users_user_groups_pkey; Type: CONSTRAINT; Schema: public; Owner: postgres
--

ALTER TABLE ONLY public.users_user_groups
    ADD CONSTRAINT users_user_groups_pkey PRIMARY KEY (id);


--
-- Name: users_user_groups users_user_groups_user_id_group_id_b88eab82_uniq; Type: CONSTRAINT; Schema: public; Owner: postgres
--

ALTER TABLE ONLY public.users_user_groups
    ADD CONSTRAINT users_user_groups_user_id_group_id_b88eab82_uniq UNIQUE (user_id, group_id);


--
-- Name: users_user users_user_pkey; Type: CONSTRAINT; Schema: public; Owner: postgres
--

ALTER TABLE ONLY public.users_user
    ADD CONSTRAINT users_user_pkey PRIMARY KEY (id);


--
-- Name: users_user_user_permissions users_user_user_permissions_pkey; Type: CONSTRAINT; Schema: public; Owner: postgres
--

ALTER TABLE ONLY public.users_user_user_permissions
    ADD CONSTRAINT users_user_user_permissions_pkey PRIMARY KEY (id);


--
-- Name: users_user_user_permissions users_user_user_permissions_user_id_permission_id_43338c45_uniq; Type: CONSTRAINT; Schema: public; Owner: postgres
--

ALTER TABLE ONLY public.users_user_user_permissions
    ADD CONSTRAINT users_user_user_permissions_user_id_permission_id_43338c45_uniq UNIQUE (user_id, permission_id);


--
-- Name: users_user users_user_username_key; Type: CONSTRAINT; Schema: public; Owner: postgres
--

ALTER TABLE ONLY public.users_user
    ADD CONSTRAINT users_user_username_key UNIQUE (username);


--
-- Name: auth_group_name_a6ea08ec_like; Type: INDEX; Schema: public; Owner: postgres
--

CREATE INDEX auth_group_name_a6ea08ec_like ON public.auth_group USING btree (name varchar_pattern_ops);


--
-- Name: auth_group_permissions_group_id_b120cbf9; Type: INDEX; Schema: public; Owner: postgres
--

CREATE INDEX auth_group_permissions_group_id_b120cbf9 ON public.auth_group_permissions USING btree (group_id);


--
-- Name: auth_group_permissions_permission_id_84c5c92e; Type: INDEX; Schema: public; Owner: postgres
--

CREATE INDEX auth_group_permissions_permission_id_84c5c92e ON public.auth_group_permissions USING btree (permission_id);


--
-- Name: auth_permission_content_type_id_2f476e4b; Type: INDEX; Schema: public; Owner: postgres
--

CREATE INDEX auth_permission_content_type_id_2f476e4b ON public.auth_permission USING btree (content_type_id);


--
-- Name: auth_user_groups_group_id_97559544; Type: INDEX; Schema: public; Owner: postgres
--

CREATE INDEX auth_user_groups_group_id_97559544 ON public.auth_user_groups USING btree (group_id);


--
-- Name: auth_user_groups_user_id_6a12ed8b; Type: INDEX; Schema: public; Owner: postgres
--

CREATE INDEX auth_user_groups_user_id_6a12ed8b ON public.auth_user_groups USING btree (user_id);


--
-- Name: auth_user_user_permissions_permission_id_1fbb5f2c; Type: INDEX; Schema: public; Owner: postgres
--

CREATE INDEX auth_user_user_permissions_permission_id_1fbb5f2c ON public.auth_user_user_permissions USING btree (permission_id);


--
-- Name: auth_user_user_permissions_user_id_a95ead1b; Type: INDEX; Schema: public; Owner: postgres
--

CREATE INDEX auth_user_user_permissions_user_id_a95ead1b ON public.auth_user_user_permissions USING btree (user_id);


--
-- Name: bookings_booking_item_id_c4c183d3; Type: INDEX; Schema: public; Owner: postgres
--

CREATE INDEX bookings_booking_item_id_c4c183d3 ON public.bookings_booking USING btree (item_id);


--
-- Name: bookings_booking_rider_id_9255c214; Type: INDEX; Schema: public; Owner: postgres
--

CREATE INDEX bookings_booking_rider_id_9255c214 ON public.bookings_booking USING btree (rider_id);


--
-- Name: bookings_booking_user_id_834dfc23; Type: INDEX; Schema: public; Owner: postgres
--

CREATE INDEX bookings_booking_user_id_834dfc23 ON public.bookings_booking USING btree (user_id);


--
-- Name: condition_reports_itemconditionreport_booking_id_081621db; Type: INDEX; Schema: public; Owner: postgres
--

CREATE INDEX condition_reports_itemconditionreport_booking_id_081621db ON public.condition_reports_itemconditionreport USING btree (booking_id);


--
-- Name: condition_reports_itemconditionreport_reported_by_id_c5b3f8a8; Type: INDEX; Schema: public; Owner: postgres
--

CREATE INDEX condition_reports_itemconditionreport_reported_by_id_c5b3f8a8 ON public.condition_reports_itemconditionreport USING btree (reported_by_id);


--
-- Name: disputes_dispute_filed_by_id_46baa6ba; Type: INDEX; Schema: public; Owner: postgres
--

CREATE INDEX disputes_dispute_filed_by_id_46baa6ba ON public.disputes_dispute USING btree (filed_by_id);


--
-- Name: disputes_dispute_rental_id_18a51736; Type: INDEX; Schema: public; Owner: postgres
--

CREATE INDEX disputes_dispute_rental_id_18a51736 ON public.disputes_dispute USING btree (rental_id);


--
-- Name: django_admin_log_content_type_id_c4bce8eb; Type: INDEX; Schema: public; Owner: postgres
--

CREATE INDEX django_admin_log_content_type_id_c4bce8eb ON public.django_admin_log USING btree (content_type_id);


--
-- Name: django_admin_log_user_id_c564eba6; Type: INDEX; Schema: public; Owner: postgres
--

CREATE INDEX django_admin_log_user_id_c564eba6 ON public.django_admin_log USING btree (user_id);


--
-- Name: django_session_expire_date_a5c62663; Type: INDEX; Schema: public; Owner: postgres
--

CREATE INDEX django_session_expire_date_a5c62663 ON public.django_session USING btree (expire_date);


--
-- Name: django_session_session_key_c0390e0f_like; Type: INDEX; Schema: public; Owner: postgres
--

CREATE INDEX django_session_session_key_c0390e0f_like ON public.django_session USING btree (session_key varchar_pattern_ops);


--
-- Name: items_item_rentee_id_b65fe962; Type: INDEX; Schema: public; Owner: postgres
--

CREATE INDEX items_item_rentee_id_b65fe962 ON public.items_item USING btree (rentee_id);


--
-- Name: items_saveditem_item_id_fb8b51d8; Type: INDEX; Schema: public; Owner: postgres
--

CREATE INDEX items_saveditem_item_id_fb8b51d8 ON public.items_saveditem USING btree (item_id);


--
-- Name: items_saveditem_user_id_454b8273; Type: INDEX; Schema: public; Owner: postgres
--

CREATE INDEX items_saveditem_user_id_454b8273 ON public.items_saveditem USING btree (user_id);


--
-- Name: items_searchhistory_item_id_db86fb27; Type: INDEX; Schema: public; Owner: postgres
--

CREATE INDEX items_searchhistory_item_id_db86fb27 ON public.items_searchhistory USING btree (item_id);


--
-- Name: items_searchhistory_user_id_b8502f5f; Type: INDEX; Schema: public; Owner: postgres
--

CREATE INDEX items_searchhistory_user_id_b8502f5f ON public.items_searchhistory USING btree (user_id);


--
-- Name: notifications_notification_recipient_id_d055f3f0; Type: INDEX; Schema: public; Owner: postgres
--

CREATE INDEX notifications_notification_recipient_id_d055f3f0 ON public.notifications_notification USING btree (recipient_id);


--
-- Name: notifications_notification_sender_id_feea9ca3; Type: INDEX; Schema: public; Owner: postgres
--

CREATE INDEX notifications_notification_sender_id_feea9ca3 ON public.notifications_notification USING btree (sender_id);


--
-- Name: payments_payment_booking_id_2a46974b; Type: INDEX; Schema: public; Owner: postgres
--

CREATE INDEX payments_payment_booking_id_2a46974b ON public.payments_payment USING btree (booking_id);


--
-- Name: payments_payment_user_id_f9db060a; Type: INDEX; Schema: public; Owner: postgres
--

CREATE INDEX payments_payment_user_id_f9db060a ON public.payments_payment USING btree (user_id);


--
-- Name: recommendations_recommendation_user_id_3bb3c837; Type: INDEX; Schema: public; Owner: postgres
--

CREATE INDEX recommendations_recommendation_user_id_3bb3c837 ON public.recommendations_recommendation USING btree (user_id);


--
-- Name: reviews_review_item_id_e7dbb70b; Type: INDEX; Schema: public; Owner: postgres
--

CREATE INDEX reviews_review_item_id_e7dbb70b ON public.reviews_review USING btree (item_id);


--
-- Name: reviews_review_user_id_875caff2; Type: INDEX; Schema: public; Owner: postgres
--

CREATE INDEX reviews_review_user_id_875caff2 ON public.reviews_review USING btree (user_id);


--
-- Name: users_user_groups_group_id_9afc8d0e; Type: INDEX; Schema: public; Owner: postgres
--

CREATE INDEX users_user_groups_group_id_9afc8d0e ON public.users_user_groups USING btree (group_id);


--
-- Name: users_user_groups_user_id_5f6f5a90; Type: INDEX; Schema: public; Owner: postgres
--

CREATE INDEX users_user_groups_user_id_5f6f5a90 ON public.users_user_groups USING btree (user_id);


--
-- Name: users_user_user_permissions_permission_id_0b93982e; Type: INDEX; Schema: public; Owner: postgres
--

CREATE INDEX users_user_user_permissions_permission_id_0b93982e ON public.users_user_user_permissions USING btree (permission_id);


--
-- Name: users_user_user_permissions_user_id_20aca447; Type: INDEX; Schema: public; Owner: postgres
--

CREATE INDEX users_user_user_permissions_user_id_20aca447 ON public.users_user_user_permissions USING btree (user_id);


--
-- Name: users_user_username_06e46fe6_like; Type: INDEX; Schema: public; Owner: postgres
--

CREATE INDEX users_user_username_06e46fe6_like ON public.users_user USING btree (username varchar_pattern_ops);


--
-- Name: auth_group_permissions auth_group_permissio_permission_id_84c5c92e_fk_auth_perm; Type: FK CONSTRAINT; Schema: public; Owner: postgres
--

ALTER TABLE ONLY public.auth_group_permissions
    ADD CONSTRAINT auth_group_permissio_permission_id_84c5c92e_fk_auth_perm FOREIGN KEY (permission_id) REFERENCES public.auth_permission(id) DEFERRABLE INITIALLY DEFERRED;


--
-- Name: auth_group_permissions auth_group_permissions_group_id_b120cbf9_fk_auth_group_id; Type: FK CONSTRAINT; Schema: public; Owner: postgres
--

ALTER TABLE ONLY public.auth_group_permissions
    ADD CONSTRAINT auth_group_permissions_group_id_b120cbf9_fk_auth_group_id FOREIGN KEY (group_id) REFERENCES public.auth_group(id) DEFERRABLE INITIALLY DEFERRED;


--
-- Name: auth_permission auth_permission_content_type_id_2f476e4b_fk_django_co; Type: FK CONSTRAINT; Schema: public; Owner: postgres
--

ALTER TABLE ONLY public.auth_permission
    ADD CONSTRAINT auth_permission_content_type_id_2f476e4b_fk_django_co FOREIGN KEY (content_type_id) REFERENCES public.django_content_type(id) DEFERRABLE INITIALLY DEFERRED;


--
-- Name: bookings_booking bookings_booking_item_id_c4c183d3_fk_items_item_id; Type: FK CONSTRAINT; Schema: public; Owner: postgres
--

ALTER TABLE ONLY public.bookings_booking
    ADD CONSTRAINT bookings_booking_item_id_c4c183d3_fk_items_item_id FOREIGN KEY (item_id) REFERENCES public.items_item(id) DEFERRABLE INITIALLY DEFERRED;


--
-- Name: bookings_booking bookings_booking_rider_id_9255c214_fk_users_user_id; Type: FK CONSTRAINT; Schema: public; Owner: postgres
--

ALTER TABLE ONLY public.bookings_booking
    ADD CONSTRAINT bookings_booking_rider_id_9255c214_fk_users_user_id FOREIGN KEY (rider_id) REFERENCES public.users_user(id) DEFERRABLE INITIALLY DEFERRED;


--
-- Name: bookings_booking bookings_booking_user_id_834dfc23_fk_users_user_id; Type: FK CONSTRAINT; Schema: public; Owner: postgres
--

ALTER TABLE ONLY public.bookings_booking
    ADD CONSTRAINT bookings_booking_user_id_834dfc23_fk_users_user_id FOREIGN KEY (user_id) REFERENCES public.users_user(id) DEFERRABLE INITIALLY DEFERRED;


--
-- Name: condition_reports_itemconditionreport condition_reports_it_booking_id_081621db_fk_bookings_; Type: FK CONSTRAINT; Schema: public; Owner: postgres
--

ALTER TABLE ONLY public.condition_reports_itemconditionreport
    ADD CONSTRAINT condition_reports_it_booking_id_081621db_fk_bookings_ FOREIGN KEY (booking_id) REFERENCES public.bookings_booking(id) DEFERRABLE INITIALLY DEFERRED;


--
-- Name: condition_reports_itemconditionreport condition_reports_it_reported_by_id_c5b3f8a8_fk_users_use; Type: FK CONSTRAINT; Schema: public; Owner: postgres
--

ALTER TABLE ONLY public.condition_reports_itemconditionreport
    ADD CONSTRAINT condition_reports_it_reported_by_id_c5b3f8a8_fk_users_use FOREIGN KEY (reported_by_id) REFERENCES public.users_user(id) DEFERRABLE INITIALLY DEFERRED;


--
-- Name: disputes_dispute disputes_dispute_filed_by_id_46baa6ba_fk_users_user_id; Type: FK CONSTRAINT; Schema: public; Owner: postgres
--

ALTER TABLE ONLY public.disputes_dispute
    ADD CONSTRAINT disputes_dispute_filed_by_id_46baa6ba_fk_users_user_id FOREIGN KEY (filed_by_id) REFERENCES public.users_user(id) DEFERRABLE INITIALLY DEFERRED;


--
-- Name: disputes_dispute disputes_dispute_rental_id_18a51736_fk_items_item_id; Type: FK CONSTRAINT; Schema: public; Owner: postgres
--

ALTER TABLE ONLY public.disputes_dispute
    ADD CONSTRAINT disputes_dispute_rental_id_18a51736_fk_items_item_id FOREIGN KEY (rental_id) REFERENCES public.items_item(id) DEFERRABLE INITIALLY DEFERRED;


--
-- Name: django_admin_log django_admin_log_content_type_id_c4bce8eb_fk_django_co; Type: FK CONSTRAINT; Schema: public; Owner: postgres
--

ALTER TABLE ONLY public.django_admin_log
    ADD CONSTRAINT django_admin_log_content_type_id_c4bce8eb_fk_django_co FOREIGN KEY (content_type_id) REFERENCES public.django_content_type(id) DEFERRABLE INITIALLY DEFERRED;


--
-- Name: items_item items_item_rentee_id_b65fe962_fk_users_user_id; Type: FK CONSTRAINT; Schema: public; Owner: postgres
--

ALTER TABLE ONLY public.items_item
    ADD CONSTRAINT items_item_rentee_id_b65fe962_fk_users_user_id FOREIGN KEY (rentee_id) REFERENCES public.users_user(id) DEFERRABLE INITIALLY DEFERRED;


--
-- Name: items_saveditem items_saveditem_item_id_fb8b51d8_fk_items_item_id; Type: FK CONSTRAINT; Schema: public; Owner: postgres
--

ALTER TABLE ONLY public.items_saveditem
    ADD CONSTRAINT items_saveditem_item_id_fb8b51d8_fk_items_item_id FOREIGN KEY (item_id) REFERENCES public.items_item(id) DEFERRABLE INITIALLY DEFERRED;


--
-- Name: items_saveditem items_saveditem_user_id_454b8273_fk_users_user_id; Type: FK CONSTRAINT; Schema: public; Owner: postgres
--

ALTER TABLE ONLY public.items_saveditem
    ADD CONSTRAINT items_saveditem_user_id_454b8273_fk_users_user_id FOREIGN KEY (user_id) REFERENCES public.users_user(id) DEFERRABLE INITIALLY DEFERRED;


--
-- Name: items_searchhistory items_searchhistory_item_id_db86fb27_fk_items_item_id; Type: FK CONSTRAINT; Schema: public; Owner: postgres
--

ALTER TABLE ONLY public.items_searchhistory
    ADD CONSTRAINT items_searchhistory_item_id_db86fb27_fk_items_item_id FOREIGN KEY (item_id) REFERENCES public.items_item(id) DEFERRABLE INITIALLY DEFERRED;


--
-- Name: items_searchhistory items_searchhistory_user_id_b8502f5f_fk_users_user_id; Type: FK CONSTRAINT; Schema: public; Owner: postgres
--

ALTER TABLE ONLY public.items_searchhistory
    ADD CONSTRAINT items_searchhistory_user_id_b8502f5f_fk_users_user_id FOREIGN KEY (user_id) REFERENCES public.users_user(id) DEFERRABLE INITIALLY DEFERRED;


--
-- Name: notifications_notification notifications_notifi_recipient_id_d055f3f0_fk_users_use; Type: FK CONSTRAINT; Schema: public; Owner: postgres
--

ALTER TABLE ONLY public.notifications_notification
    ADD CONSTRAINT notifications_notifi_recipient_id_d055f3f0_fk_users_use FOREIGN KEY (recipient_id) REFERENCES public.users_user(id) DEFERRABLE INITIALLY DEFERRED;


--
-- Name: notifications_notification notifications_notification_sender_id_feea9ca3_fk_users_user_id; Type: FK CONSTRAINT; Schema: public; Owner: postgres
--

ALTER TABLE ONLY public.notifications_notification
    ADD CONSTRAINT notifications_notification_sender_id_feea9ca3_fk_users_user_id FOREIGN KEY (sender_id) REFERENCES public.users_user(id) DEFERRABLE INITIALLY DEFERRED;


--
-- Name: payments_payment payments_payment_booking_id_2a46974b_fk_bookings_booking_id; Type: FK CONSTRAINT; Schema: public; Owner: postgres
--

ALTER TABLE ONLY public.payments_payment
    ADD CONSTRAINT payments_payment_booking_id_2a46974b_fk_bookings_booking_id FOREIGN KEY (booking_id) REFERENCES public.bookings_booking(id) DEFERRABLE INITIALLY DEFERRED;


--
-- Name: payments_payment payments_payment_user_id_f9db060a_fk_users_user_id; Type: FK CONSTRAINT; Schema: public; Owner: postgres
--

ALTER TABLE ONLY public.payments_payment
    ADD CONSTRAINT payments_payment_user_id_f9db060a_fk_users_user_id FOREIGN KEY (user_id) REFERENCES public.users_user(id) DEFERRABLE INITIALLY DEFERRED;


--
-- Name: recommendations_recommendation recommendations_reco_user_id_3bb3c837_fk_users_use; Type: FK CONSTRAINT; Schema: public; Owner: postgres
--

ALTER TABLE ONLY public.recommendations_recommendation
    ADD CONSTRAINT recommendations_reco_user_id_3bb3c837_fk_users_use FOREIGN KEY (user_id) REFERENCES public.users_user(id) DEFERRABLE INITIALLY DEFERRED;


--
-- Name: reviews_review reviews_review_user_id_875caff2_fk_users_user_id; Type: FK CONSTRAINT; Schema: public; Owner: postgres
--

ALTER TABLE ONLY public.reviews_review
    ADD CONSTRAINT reviews_review_user_id_875caff2_fk_users_user_id FOREIGN KEY (user_id) REFERENCES public.users_user(id) DEFERRABLE INITIALLY DEFERRED;


--
-- Name: users_user_groups users_user_groups_user_id_5f6f5a90_fk_users_user_id; Type: FK CONSTRAINT; Schema: public; Owner: postgres
--

ALTER TABLE ONLY public.users_user_groups
    ADD CONSTRAINT users_user_groups_user_id_5f6f5a90_fk_users_user_id FOREIGN KEY (user_id) REFERENCES public.users_user(id) DEFERRABLE INITIALLY DEFERRED;


--
-- Name: users_user_user_permissions users_user_user_permissions_user_id_20aca447_fk_users_user_id; Type: FK CONSTRAINT; Schema: public; Owner: postgres
--

ALTER TABLE ONLY public.users_user_user_permissions
    ADD CONSTRAINT users_user_user_permissions_user_id_20aca447_fk_users_user_id FOREIGN KEY (user_id) REFERENCES public.users_user(id) DEFERRABLE INITIALLY DEFERRED;


--
-- PostgreSQL database dump complete
--

